ID Year,Year,ID Race,Race,Household Income by Race,Household Income by Race Moe,Geography,ID Geography
2018,"2018",7,"Two Or More",69778,57953,"Census Tract 3301, Cook County, IL","14000US17031330100"
2018,"2018",7,"Two Or More",64375,29558,"Census Tract 8400, DuPage County, IL","14000US17043840000"
2018,"2018",7,"Two Or More",81106,40118,"Census Tract 103, Cook County, IL","14000US17031010300"
2018,"2018",7,"Two Or More",88750,88131,"Census Tract 8423, Cook County, IL","14000US17031842300"
2018,"2018",7,"Two Or More",184125,88527,"Census Tract 8422, Cook County, IL","14000US17031842200"
2018,"2018",7,"Two Or More",45739,7327,"Census Tract 8413, Cook County, IL","14000US17031841300"
2018,"2018",7,"Two Or More",34934,29953.000000000004,"Census Tract 104, Cook County, IL","14000US17031010400"
2018,"2018",7,"Two Or More",74688,57671,"Census Tract 8407, Cook County, IL","14000US17031840700"
2018,"2018",7,"Two Or More",26683,17230,"Census Tract 105.01, Cook County, IL","14000US17031010501"
2018,"2018",7,"Two Or More",59250,58862,"Census Tract 8399, Cook County, IL","14000US17031839900"
2018,"2018",7,"Two Or More",141103,1291,"Census Tract 8397, Cook County, IL","14000US17031839700"
2018,"2018",7,"Two Or More",19000,11223,"Census Tract 105.03, Cook County, IL","14000US17031010503"
2018,"2018",7,"Two Or More",45568,18905,"Census Tract 8392, Cook County, IL","14000US17031839200"
2018,"2018",7,"Two Or More",46111,21988,"Census Tract 106, Cook County, IL","14000US17031010600"
2018,"2018",7,"Two Or More",50833,49623,"Census Tract 8360, Cook County, IL","14000US17031836000"
2018,"2018",7,"Two Or More",98750,66471,"Census Tract 8358, Cook County, IL","14000US17031835800"
2018,"2018",7,"Two Or More",54167,52367,"Census Tract 8333, Cook County, IL","14000US17031833300"
2018,"2018",7,"Two Or More",250001,,"Census Tract 8326, Cook County, IL","14000US17031832600"
2018,"2018",7,"Two Or More",52072,2123,"Census Tract 203.02, Cook County, IL","14000US17031020302"
2018,"2018",7,"Two Or More",119135,58209,"Census Tract 8323, Cook County, IL","14000US17031832300"
2018,"2018",7,"Two Or More",74766,66470,"Census Tract 205, Cook County, IL","14000US17031020500"
2018,"2018",7,"Two Or More",57000,31473,"Census Tract 8322, Cook County, IL","14000US17031832200"
2018,"2018",7,"Two Or More",53889,23996,"Census Tract 8321, Cook County, IL","14000US17031832100"
2018,"2018",7,"Two Or More",69659,7777.000000000001,"Census Tract 8314, Cook County, IL","14000US17031831400"
2018,"2018",7,"Two Or More",66083,30004.999999999996,"Census Tract 301.02, Cook County, IL","14000US17031030102"
2018,"2018",7,"Two Or More",195200,184541,"Census Tract 8309, Cook County, IL","14000US17031830900"
2018,"2018",7,"Two Or More",76016,11815,"Census Tract 8306, Cook County, IL","14000US17031830600"
2018,"2018",7,"Two Or More",66136,58259.00000000001,"Census Tract 8305, Cook County, IL","14000US17031830500"
2018,"2018",7,"Two Or More",26000,14012,"Census Tract 7608.01, Cook County, IL","14000US17031760801"
2018,"2018",7,"Two Or More",35625,32359,"Census Tract 7307, Cook County, IL","14000US17031730700"
2018,"2018",7,"Two Or More",98875,57346,"Census Tract 7202, Cook County, IL","14000US17031720200"
2018,"2018",7,"Two Or More",47396,29096.999999999996,"Census Tract 306.03, Cook County, IL","14000US17031030603"
2018,"2018",7,"Two Or More",41538,20228,"Census Tract 306.04, Cook County, IL","14000US17031030604"
2018,"2018",7,"Two Or More",106364,82347,"Census Tract 7005.02, Cook County, IL","14000US17031700502"
2018,"2018",7,"Two Or More",64737,53207,"Census Tract 7004.01, Cook County, IL","14000US17031700401"
2018,"2018",7,"Two Or More",88681,1147,"Census Tract 307.01, Cook County, IL","14000US17031030701"
2018,"2018",7,"Two Or More",2499,,"Census Tract 307.02, Cook County, IL","14000US17031030702"
2018,"2018",7,"Two Or More",83125,58975,"Census Tract 7003.02, Cook County, IL","14000US17031700302"
2018,"2018",7,"Two Or More",44750,17471,"Census Tract 307.03, Cook County, IL","14000US17031030703"
2018,"2018",7,"Two Or More",86250,67869,"Census Tract 6610, Cook County, IL","14000US17031661000"
2018,"2018",7,"Two Or More",20714,19413,"Census Tract 6609, Cook County, IL","14000US17031660900"
2018,"2018",7,"Two Or More",89643,40895,"Census Tract 6504, Cook County, IL","14000US17031650400"
2018,"2018",7,"Two Or More",63472,27935,"Census Tract 6303, Cook County, IL","14000US17031630300"
2018,"2018",7,"Two Or More",105893,69406,"Census Tract 6204, Cook County, IL","14000US17031620400"
2018,"2018",7,"Two Or More",31042,23888,"Census Tract 6112, Cook County, IL","14000US17031611200"
2018,"2018",7,"Two Or More",35625,10363,"Census Tract 5906, Cook County, IL","14000US17031590600"
2018,"2018",7,"Two Or More",45927,11682,"Census Tract 310, Cook County, IL","14000US17031031000"
2018,"2018",7,"Two Or More",95069,39253,"Census Tract 5807, Cook County, IL","14000US17031580700"
2018,"2018",7,"Two Or More",58359,11741,"Census Tract 311, Cook County, IL","14000US17031031100"
2018,"2018",7,"Two Or More",40455,27241.000000000004,"Census Tract 5805.01, Cook County, IL","14000US17031580501"
2018,"2018",7,"Two Or More",68889,62612,"Census Tract 5611, Cook County, IL","14000US17031561100"
2018,"2018",7,"Two Or More",100577,94894,"Census Tract 313, Cook County, IL","14000US17031031300"
2018,"2018",7,"Two Or More",2499,,"Census Tract 5603, Cook County, IL","14000US17031560300"
2018,"2018",7,"Two Or More",50568,4436,"Census Tract 5203, Cook County, IL","14000US17031520300"
2018,"2018",7,"Two Or More",49402,7534,"Census Tract 314, Cook County, IL","14000US17031031400"
2018,"2018",7,"Two Or More",40662,29249,"Census Tract 5003, Cook County, IL","14000US17031500300"
2018,"2018",7,"Two Or More",39444,30780.000000000004,"Census Tract 4905, Cook County, IL","14000US17031490500"
2018,"2018",7,"Two Or More",120000,112346,"Census Tract 319, Cook County, IL","14000US17031031900"
2018,"2018",7,"Two Or More",54583,21552,"Census Tract 4314, Cook County, IL","14000US17031431400"
2018,"2018",7,"Two Or More",76894,17456,"Census Tract 4312, Cook County, IL","14000US17031431200"
2018,"2018",7,"Two Or More",250001,,"Census Tract 4306, Cook County, IL","14000US17031430600"
2018,"2018",7,"Two Or More",55304,48238,"Census Tract 402.02, Cook County, IL","14000US17031040202"
2018,"2018",7,"Two Or More",31250,10107,"Census Tract 4206, Cook County, IL","14000US17031420600"
2018,"2018",7,"Two Or More",107443,24415,"Census Tract 403, Cook County, IL","14000US17031040300"
2018,"2018",7,"Two Or More",108158,81828,"Census Tract 404.01, Cook County, IL","14000US17031040401"
2018,"2018",7,"Two Or More",140000,89583,"Census Tract 404.02, Cook County, IL","14000US17031040402"
2018,"2018",7,"Two Or More",2499,,"Census Tract 4203, Cook County, IL","14000US17031420300"
2018,"2018",7,"Two Or More",88029,22495,"Census Tract 4109, Cook County, IL","14000US17031410900"
2018,"2018",7,"Two Or More",81397,2146,"Census Tract 501, Cook County, IL","14000US17031050100"
2018,"2018",7,"Two Or More",78750,74858,"Census Tract 4106, Cook County, IL","14000US17031410600"
2018,"2018",7,"Two Or More",6990,3425.0000000000005,"Census Tract 3907, Cook County, IL","14000US17031390700"
2018,"2018",7,"Two Or More",23438,8045,"Census Tract 3906, Cook County, IL","14000US17031390600"
2018,"2018",7,"Two Or More",118378,46162,"Census Tract 505, Cook County, IL","14000US17031050500"
2018,"2018",7,"Two Or More",143571,78985,"Census Tract 512, Cook County, IL","14000US17031051200"
2018,"2018",7,"Two Or More",250001,,"Census Tract 601, Cook County, IL","14000US17031060100"
2018,"2018",7,"Two Or More",2499,,"Census Tract 3501, Cook County, IL","14000US17031350100"
2018,"2018",7,"Two Or More",61000,5357,"Census Tract 3302, Cook County, IL","14000US17031330200"
2018,"2018",7,"Two Or More",43462,18894,"Census Tract 101, Cook County, IL","14000US17031010100"
2018,"2018",7,"Two Or More",62917,24581,"Census Tract 605, Cook County, IL","14000US17031060500"
2018,"2018",7,"Two Or More",76339,32259,"Census Tract 3018.01, Cook County, IL","14000US17031301801"
2018,"2018",7,"Two Or More",43958,18905,"Census Tract 2831, Cook County, IL","14000US17031283100"
2018,"2018",7,"Two Or More",88654,60425,"Census Tract 610, Cook County, IL","14000US17031061000"
2018,"2018",7,"Two Or More",182778,180650,"Census Tract 615, Cook County, IL","14000US17031061500"
2018,"2018",7,"Two Or More",126172,54787,"Census Tract 2819, Cook County, IL","14000US17031281900"
2018,"2018",7,"Two Or More",196055,28123,"Census Tract 2801, Cook County, IL","14000US17031280100"
2018,"2018",7,"Two Or More",110208,28169.999999999996,"Census Tract 2430, Cook County, IL","14000US17031243000"
2018,"2018",7,"Two Or More",27167,7585.999999999999,"Census Tract 619.01, Cook County, IL","14000US17031061901"
2018,"2018",7,"Two Or More",125543,59088.00000000001,"Census Tract 2425, Cook County, IL","14000US17031242500"
2018,"2018",7,"Two Or More",78409,47833,"Census Tract 2424, Cook County, IL","14000US17031242400"
2018,"2018",7,"Two Or More",106295,62505.00000000001,"Census Tract 2423, Cook County, IL","14000US17031242300"
2018,"2018",7,"Two Or More",220455,179252,"Census Tract 621, Cook County, IL","14000US17031062100"
2018,"2018",7,"Two Or More",137045,133237,"Census Tract 2416, Cook County, IL","14000US17031241600"
2018,"2018",7,"Two Or More",58750,17240,"Census Tract 2413, Cook County, IL","14000US17031241300"
2018,"2018",7,"Two Or More",42857,26516,"Census Tract 2411, Cook County, IL","14000US17031241100"
2018,"2018",7,"Two Or More",73750,24391,"Census Tract 626, Cook County, IL","14000US17031062600"
2018,"2018",7,"Two Or More",159167,132871,"Census Tract 2409, Cook County, IL","14000US17031240900"
2018,"2018",7,"Two Or More",60000,11074,"Census Tract 2408, Cook County, IL","14000US17031240800"
2018,"2018",7,"Two Or More",105909,72010,"Census Tract 629, Cook County, IL","14000US17031062900"
2018,"2018",7,"Two Or More",103250,26698,"Census Tract 2403, Cook County, IL","14000US17031240300"
2018,"2018",7,"Two Or More",31319,16657,"Census Tract 630, Cook County, IL","14000US17031063000"
2018,"2018",7,"Two Or More",124076,906,"Census Tract 2402, Cook County, IL","14000US17031240200"
2018,"2018",7,"Two Or More",110208,45756,"Census Tract 2312, Cook County, IL","14000US17031231200"
2018,"2018",7,"Two Or More",71250,23756,"Census Tract 2309, Cook County, IL","14000US17031230900"
2018,"2018",7,"Two Or More",61250,48684,"Census Tract 633.01, Cook County, IL","14000US17031063301"
2018,"2018",7,"Two Or More",88393,40209,"Census Tract 2302, Cook County, IL","14000US17031230200"
2018,"2018",7,"Two Or More",58025,47392,"Census Tract 701.01, Cook County, IL","14000US17031070101"
2018,"2018",7,"Two Or More",145588,133014,"Census Tract 2301, Cook County, IL","14000US17031230100"
2018,"2018",7,"Two Or More",45694,9106,"Census Tract 2228, Cook County, IL","14000US17031222800"
2018,"2018",7,"Two Or More",118636,84033,"Census Tract 2227, Cook County, IL","14000US17031222700"
2018,"2018",7,"Two Or More",132679,102782,"Census Tract 2226, Cook County, IL","14000US17031222600"
2018,"2018",7,"Two Or More",52798,49265,"Census Tract 2213, Cook County, IL","14000US17031221300"
2018,"2018",7,"Two Or More",41116,32815,"Census Tract 2212, Cook County, IL","14000US17031221200"
2018,"2018",7,"Two Or More",16439,1241,"Census Tract 2211, Cook County, IL","14000US17031221100"
2018,"2018",7,"Two Or More",66146,22632,"Census Tract 2209.02, Cook County, IL","14000US17031220902"
2018,"2018",7,"Two Or More",250001,,"Census Tract 711, Cook County, IL","14000US17031071100"
2018,"2018",7,"Two Or More",54250,51432,"Census Tract 2207.01, Cook County, IL","14000US17031220701"
2018,"2018",7,"Two Or More",30227,24773,"Census Tract 2206.02, Cook County, IL","14000US17031220602"
2018,"2018",7,"Two Or More",82188,9561,"Census Tract 2203, Cook County, IL","14000US17031220300"
2018,"2018",7,"Two Or More",71327,55621.99999999999,"Census Tract 715, Cook County, IL","14000US17031071500"
2018,"2018",7,"Two Or More",31250,908.9999999999999,"Census Tract 804, Cook County, IL","14000US17031080400"
2018,"2018",7,"Two Or More",41107,4647,"Census Tract 2106.02, Cook County, IL","14000US17031210602"
2018,"2018",7,"Two Or More",25750,14256,"Census Tract 2105.01, Cook County, IL","14000US17031210501"
2018,"2018",7,"Two Or More",118824,54723.99999999999,"Census Tract 2104, Cook County, IL","14000US17031210400"
2018,"2018",7,"Two Or More",103393,56988,"Census Tract 2101, Cook County, IL","14000US17031210100"
2018,"2018",7,"Two Or More",63811,1160,"Census Tract 814.01, Cook County, IL","14000US17031081401"
2018,"2018",7,"Two Or More",92344,37853,"Census Tract 2004.02, Cook County, IL","14000US17031200402"
2018,"2018",7,"Two Or More",92768,42191,"Census Tract 1913.01, Cook County, IL","14000US17031191301"
2018,"2018",7,"Two Or More",57500,9539,"Census Tract 1911, Cook County, IL","14000US17031191100"
2018,"2018",7,"Two Or More",63641,28334,"Census Tract 1613, Cook County, IL","14000US17031161300"
2018,"2018",7,"Two Or More",156667,41686,"Census Tract 1005, Cook County, IL","14000US17031100500"
2018,"2018",7,"Two Or More",60921,12787,"Census Tract 1006, Cook County, IL","14000US17031100600"
2018,"2018",7,"Two Or More",198854,93175,"Census Tract 1104, Cook County, IL","14000US17031110400"
2018,"2018",7,"Two Or More",59338,36116,"Census Tract 1611, Cook County, IL","14000US17031161100"
2018,"2018",7,"Two Or More",83875,36794,"Census Tract 1105.01, Cook County, IL","14000US17031110501"
2018,"2018",7,"Two Or More",85000,52941,"Census Tract 1610, Cook County, IL","14000US17031161000"
2018,"2018",7,"Two Or More",50231,41581,"Census Tract 1105.02, Cook County, IL","14000US17031110502"
2018,"2018",7,"Two Or More",236750,127250.00000000001,"Census Tract 1204, Cook County, IL","14000US17031120400"
2018,"2018",7,"Two Or More",83800,44803,"Census Tract 1301, Cook County, IL","14000US17031130100"
2018,"2018",7,"Two Or More",101250,29908,"Census Tract 1609, Cook County, IL","14000US17031160900"
2018,"2018",7,"Two Or More",97891,60116.99999999999,"Census Tract 1302, Cook County, IL","14000US17031130200"
2018,"2018",7,"Two Or More",75509,51596,"Census Tract 1605.02, Cook County, IL","14000US17031160502"
2018,"2018",7,"Two Or More",60852,38099,"Census Tract 1605.01, Cook County, IL","14000US17031160501"
2018,"2018",7,"Two Or More",57917,50531,"Census Tract 1604, Cook County, IL","14000US17031160400"
2018,"2018",7,"Two Or More",63000,19008,"Census Tract 1402, Cook County, IL","14000US17031140200"
2018,"2018",7,"Two Or More",2499,,"Census Tract 1403.01, Cook County, IL","14000US17031140301"
2018,"2018",7,"Two Or More",65720,45289,"Census Tract 1601, Cook County, IL","14000US17031160100"
2018,"2018",7,"Two Or More",33929,30163.999999999996,"Census Tract 1403.02, Cook County, IL","14000US17031140302"
2018,"2018",7,"Two Or More",70921,15607,"Census Tract 1510.01, Cook County, IL","14000US17031151001"
2018,"2018",7,"Two Or More",66051,2837,"Census Tract 1404, Cook County, IL","14000US17031140400"
2018,"2018",7,"Two Or More",76750,52196,"Census Tract 1508, Cook County, IL","14000US17031150800"
2018,"2018",7,"Two Or More",21212,2237,"Census Tract 1504.01, Cook County, IL","14000US17031150401"
2018,"2018",7,"Two Or More",78304,64372.00000000001,"Census Tract 1503, Cook County, IL","14000US17031150300"
2018,"2018",7,"Two Or More",154327,85431,"Census Tract 1502, Cook County, IL","14000US17031150200"
2018,"2018",7,"Two Or More",90409,55619.99999999999,"Census Tract 1408, Cook County, IL","14000US17031140800"
2018,"2018",7,"Two Or More",109167,76788,"Census Tract 1407.01, Cook County, IL","14000US17031140701"
2017,"2017",7,"Two Or More",152702,112003.99999999999,"Census Tract 6610, Cook County, IL","14000US17031661000"
2017,"2017",7,"Two Or More",66145,20312,"Census Tract 3301, Cook County, IL","14000US17031330100"
2017,"2017",7,"Two Or More",35074,32324,"Census Tract 3106, Cook County, IL","14000US17031310600"
2017,"2017",7,"Two Or More",61042,18798,"Census Tract 605, Cook County, IL","14000US17031060500"
2017,"2017",7,"Two Or More",22578,19518,"Census Tract 105.03, Cook County, IL","14000US17031010503"
2017,"2017",7,"Two Or More",73594,55318.00000000001,"Census Tract 3104, Cook County, IL","14000US17031310400"
2017,"2017",7,"Two Or More",36250,11703,"Census Tract 3018.02, Cook County, IL","14000US17031301802"
2017,"2017",7,"Two Or More",2499,,"Census Tract 307.06, Cook County, IL","14000US17031030706"
2017,"2017",7,"Two Or More",73854,36725,"Census Tract 3018.01, Cook County, IL","14000US17031301801"
2017,"2017",7,"Two Or More",51500,23744,"Census Tract 8321, Cook County, IL","14000US17031832100"
2017,"2017",7,"Two Or More",97304,58624,"Census Tract 609, Cook County, IL","14000US17031060900"
2017,"2017",7,"Two Or More",52188,21713,"Census Tract 2831, Cook County, IL","14000US17031283100"
2017,"2017",7,"Two Or More",85875,27737,"Census Tract 610, Cook County, IL","14000US17031061000"
2017,"2017",7,"Two Or More",88333,45801,"Census Tract 6504, Cook County, IL","14000US17031650400"
2017,"2017",7,"Two Or More",178088,119759.00000000001,"Census Tract 615, Cook County, IL","14000US17031061500"
2017,"2017",7,"Two Or More",131250,119130,"Census Tract 8319, Cook County, IL","14000US17031831900"
2017,"2017",7,"Two Or More",23681,8648,"Census Tract 308, Cook County, IL","14000US17031030800"
2017,"2017",7,"Two Or More",60991,26608,"Census Tract 6303, Cook County, IL","14000US17031630300"
2017,"2017",7,"Two Or More",144539,46578,"Census Tract 2801, Cook County, IL","14000US17031280100"
2017,"2017",7,"Two Or More",176078,93120,"Census Tract 8318, Cook County, IL","14000US17031831800"
2017,"2017",7,"Two Or More",31550,11533,"Census Tract 618, Cook County, IL","14000US17031061800"
2017,"2017",7,"Two Or More",78618,33046,"Census Tract 2429, Cook County, IL","14000US17031242900"
2017,"2017",7,"Two Or More",59435,9554,"Census Tract 309, Cook County, IL","14000US17031030900"
2017,"2017",7,"Two Or More",51528,23966,"Census Tract 2427, Cook County, IL","14000US17031242700"
2017,"2017",7,"Two Or More",58922,25824,"Census Tract 209.01, Cook County, IL","14000US17031020901"
2017,"2017",7,"Two Or More",123711,59236,"Census Tract 2425, Cook County, IL","14000US17031242500"
2017,"2017",7,"Two Or More",70536,36800,"Census Tract 620, Cook County, IL","14000US17031062000"
2017,"2017",7,"Two Or More",26250,21890,"Census Tract 6103, Cook County, IL","14000US17031610300"
2017,"2017",7,"Two Or More",30515,27998.000000000004,"Census Tract 8428, Cook County, IL","14000US17031842800"
2017,"2017",7,"Two Or More",103287,54683,"Census Tract 2423, Cook County, IL","14000US17031242300"
2017,"2017",7,"Two Or More",32328,22614,"Census Tract 2420, Cook County, IL","14000US17031242000"
2017,"2017",7,"Two Or More",66974,62619.99999999999,"Census Tract 621, Cook County, IL","14000US17031062100"
2017,"2017",7,"Two Or More",43306,7196.999999999999,"Census Tract 310, Cook County, IL","14000US17031031000"
2017,"2017",7,"Two Or More",71389,30081,"Census Tract 8314, Cook County, IL","14000US17031831400"
2017,"2017",7,"Two Or More",131827,128589.00000000001,"Census Tract 2416, Cook County, IL","14000US17031241600"
2017,"2017",7,"Two Or More",25536,12957,"Census Tract 5906, Cook County, IL","14000US17031590600"
2017,"2017",7,"Two Or More",45441,10102,"Census Tract 8413, Cook County, IL","14000US17031841300"
2017,"2017",7,"Two Or More",71125,23185,"Census Tract 626, Cook County, IL","14000US17031062600"
2017,"2017",7,"Two Or More",93542,60899,"Census Tract 5807, Cook County, IL","14000US17031580700"
2017,"2017",7,"Two Or More",27353,25014,"Census Tract 2411, Cook County, IL","14000US17031241100"
2017,"2017",7,"Two Or More",53333,15292,"Census Tract 311, Cook County, IL","14000US17031031100"
2017,"2017",7,"Two Or More",70000,42963,"Census Tract 8311, Cook County, IL","14000US17031831100"
2017,"2017",7,"Two Or More",104063,62844,"Census Tract 629, Cook County, IL","14000US17031062900"
2017,"2017",7,"Two Or More",47222,34247,"Census Tract 8392, Cook County, IL","14000US17031839200"
2017,"2017",7,"Two Or More",58333,16297.999999999998,"Census Tract 2408, Cook County, IL","14000US17031240800"
2017,"2017",7,"Two Or More",50667,10917,"Census Tract 2407, Cook County, IL","14000US17031240700"
2017,"2017",7,"Two Or More",40703,18374,"Census Tract 5805.01, Cook County, IL","14000US17031580501"
2017,"2017",7,"Two Or More",32222,21294,"Census Tract 630, Cook County, IL","14000US17031063000"
2017,"2017",7,"Two Or More",2499,,"Census Tract 5801, Cook County, IL","14000US17031580100"
2017,"2017",7,"Two Or More",89583,36763,"Census Tract 2403, Cook County, IL","14000US17031240300"
2017,"2017",7,"Two Or More",46750,40159,"Census Tract 5703, Cook County, IL","14000US17031570300"
2017,"2017",7,"Two Or More",88500,85695,"Census Tract 8412, Cook County, IL","14000US17031841200"
2017,"2017",7,"Two Or More",74583,39464,"Census Tract 313, Cook County, IL","14000US17031031300"
2017,"2017",7,"Two Or More",68750,34866,"Census Tract 2309, Cook County, IL","14000US17031230900"
2017,"2017",7,"Two Or More",70000,13154,"Census Tract 8306, Cook County, IL","14000US17031830600"
2017,"2017",7,"Two Or More",27011,18456,"Census Tract 2306, Cook County, IL","14000US17031230600"
2017,"2017",7,"Two Or More",72857,39148,"Census Tract 5609, Cook County, IL","14000US17031560900"
2017,"2017",7,"Two Or More",51250,24247,"Census Tract 8410, Cook County, IL","14000US17031841000"
2017,"2017",7,"Two Or More",88500,41198,"Census Tract 2302, Cook County, IL","14000US17031230200"
2017,"2017",7,"Two Or More",12131,8815,"Census Tract 7608.03, Cook County, IL","14000US17031760803"
2017,"2017",7,"Two Or More",38750,28135,"Census Tract 2307, Cook County, IL","14000US17031230700"
2017,"2017",7,"Two Or More",34063,21965,"Census Tract 2228, Cook County, IL","14000US17031222800"
2017,"2017",7,"Two Or More",50887,7153,"Census Tract 5203, Cook County, IL","14000US17031520300"
2017,"2017",7,"Two Or More",120724,62255,"Census Tract 702, Cook County, IL","14000US17031070200"
2017,"2017",7,"Two Or More",73472,73118,"Census Tract 304, Cook County, IL","14000US17031030400"
2017,"2017",7,"Two Or More",46023,8824,"Census Tract 305, Cook County, IL","14000US17031030500"
2017,"2017",7,"Two Or More",50260,29136.999999999996,"Census Tract 2213, Cook County, IL","14000US17031221300"
2017,"2017",7,"Two Or More",59095,37021,"Census Tract 317, Cook County, IL","14000US17031031700"
2017,"2017",7,"Two Or More",41200,34998,"Census Tract 2212, Cook County, IL","14000US17031221200"
2017,"2017",7,"Two Or More",140272,109282,"Census Tract 319, Cook County, IL","14000US17031031900"
2017,"2017",7,"Two Or More",16016,4684,"Census Tract 2211, Cook County, IL","14000US17031221100"
2017,"2017",7,"Two Or More",25691,22172,"Census Tract 7608.01, Cook County, IL","14000US17031760801"
2017,"2017",7,"Two Or More",66071,41772,"Census Tract 2209.02, Cook County, IL","14000US17031220902"
2017,"2017",7,"Two Or More",21190,1743.0000000000002,"Census Tract 2207.02, Cook County, IL","14000US17031220702"
2017,"2017",7,"Two Or More",26842,22403,"Census Tract 105.01, Cook County, IL","14000US17031010501"
2017,"2017",7,"Two Or More",54688,21138,"Census Tract 4314, Cook County, IL","14000US17031431400"
2017,"2017",7,"Two Or More",77586,52273,"Census Tract 2207.01, Cook County, IL","14000US17031220701"
2017,"2017",7,"Two Or More",61964,47849,"Census Tract 713, Cook County, IL","14000US17031071300"
2017,"2017",7,"Two Or More",33750,29148,"Census Tract 4313.01, Cook County, IL","14000US17031431301"
2017,"2017",7,"Two Or More",36250,29579,"Census Tract 7307, Cook County, IL","14000US17031730700"
2017,"2017",7,"Two Or More",81250,6488,"Census Tract 2203, Cook County, IL","14000US17031220300"
2017,"2017",7,"Two Or More",71444,71004,"Census Tract 715, Cook County, IL","14000US17031071500"
2017,"2017",7,"Two Or More",74844,40054,"Census Tract 4312, Cook County, IL","14000US17031431200"
2017,"2017",7,"Two Or More",30908,917.0000000000001,"Census Tract 804, Cook County, IL","14000US17031080400"
2017,"2017",7,"Two Or More",26389,15554.000000000002,"Census Tract 306.01, Cook County, IL","14000US17031030601"
2017,"2017",7,"Two Or More",55241,40808,"Census Tract 402.02, Cook County, IL","14000US17031040202"
2017,"2017",7,"Two Or More",38750,14029.999999999998,"Census Tract 2106.02, Cook County, IL","14000US17031210602"
2017,"2017",7,"Two Or More",138750,121001,"Census Tract 7303, Cook County, IL","14000US17031730300"
2017,"2017",7,"Two Or More",250001,,"Census Tract 4306, Cook County, IL","14000US17031430600"
2017,"2017",7,"Two Or More",116319,1221,"Census Tract 2104, Cook County, IL","14000US17031210400"
2017,"2017",7,"Two Or More",33291,22812,"Census Tract 811, Cook County, IL","14000US17031081100"
2017,"2017",7,"Two Or More",182875,10402,"Census Tract 8422, Cook County, IL","14000US17031842200"
2017,"2017",7,"Two Or More",115294,22588,"Census Tract 403, Cook County, IL","14000US17031040300"
2017,"2017",7,"Two Or More",66250,7403.999999999999,"Census Tract 201, Cook County, IL","14000US17031020100"
2017,"2017",7,"Two Or More",123333,70051,"Census Tract 2004.01, Cook County, IL","14000US17031200401"
2017,"2017",7,"Two Or More",96458,49986,"Census Tract 7202, Cook County, IL","14000US17031720200"
2017,"2017",7,"Two Or More",90125,55131.00000000001,"Census Tract 1913.01, Cook County, IL","14000US17031191301"
2017,"2017",7,"Two Or More",171750,166458,"Census Tract 815, Cook County, IL","14000US17031081500"
2017,"2017",7,"Two Or More",162589,76075,"Census Tract 404.02, Cook County, IL","14000US17031040402"
2017,"2017",7,"Two Or More",56250,9836,"Census Tract 1911, Cook County, IL","14000US17031191100"
2017,"2017",7,"Two Or More",109167,69352,"Census Tract 1904.02, Cook County, IL","14000US17031190402"
2017,"2017",7,"Two Or More",106696,54709.00000000001,"Census Tract 1904.01, Cook County, IL","14000US17031190401"
2017,"2017",7,"Two Or More",27969,27171.000000000004,"Census Tract 1903, Cook County, IL","14000US17031190300"
2017,"2017",7,"Two Or More",36111,23524,"Census Tract 306.04, Cook County, IL","14000US17031030604"
2017,"2017",7,"Two Or More",153950,28495,"Census Tract 1005, Cook County, IL","14000US17031100500"
2017,"2017",7,"Two Or More",28750,8988,"Census Tract 4206, Cook County, IL","14000US17031420600"
2017,"2017",7,"Two Or More",26023,17410,"Census Tract 4204, Cook County, IL","14000US17031420400"
2017,"2017",7,"Two Or More",61250,30292.999999999996,"Census Tract 1613, Cook County, IL","14000US17031161300"
2017,"2017",7,"Two Or More",70288,12338,"Census Tract 1612, Cook County, IL","14000US17031161200"
2017,"2017",7,"Two Or More",95750,69802,"Census Tract 408, Cook County, IL","14000US17031040800"
2017,"2017",7,"Two Or More",51250,42405,"Census Tract 203.02, Cook County, IL","14000US17031020302"
2017,"2017",7,"Two Or More",56855,36272,"Census Tract 1611, Cook County, IL","14000US17031161100"
2017,"2017",7,"Two Or More",80972,27605,"Census Tract 1105.01, Cook County, IL","14000US17031110501"
2017,"2017",7,"Two Or More",58125,55617,"Census Tract 4111, Cook County, IL","14000US17031411100"
2017,"2017",7,"Two Or More",101458,82424,"Census Tract 8407, Cook County, IL","14000US17031840700"
2017,"2017",7,"Two Or More",47656,40865,"Census Tract 1105.02, Cook County, IL","14000US17031110502"
2017,"2017",7,"Two Or More",78547,29479,"Census Tract 501, Cook County, IL","14000US17031050100"
2017,"2017",7,"Two Or More",231591,91518,"Census Tract 1204, Cook County, IL","14000US17031120400"
2017,"2017",7,"Two Or More",250001,,"Census Tract 8326, Cook County, IL","14000US17031832600"
2017,"2017",7,"Two Or More",80982,43680,"Census Tract 1301, Cook County, IL","14000US17031130100"
2017,"2017",7,"Two Or More",88587,17893,"Census Tract 4109, Cook County, IL","14000US17031410900"
2017,"2017",7,"Two Or More",83750,12922,"Census Tract 1610, Cook County, IL","14000US17031161000"
2017,"2017",7,"Two Or More",85268,40852,"Census Tract 7004.01, Cook County, IL","14000US17031700401"
2017,"2017",7,"Two Or More",95391,50673,"Census Tract 1302, Cook County, IL","14000US17031130200"
2017,"2017",7,"Two Or More",71458,54233.00000000001,"Census Tract 4105, Cook County, IL","14000US17031410500"
2017,"2017",7,"Two Or More",98935,34426,"Census Tract 1609, Cook County, IL","14000US17031160900"
2017,"2017",7,"Two Or More",46667,19689,"Census Tract 8432, Cook County, IL","14000US17031843200"
2017,"2017",7,"Two Or More",6378,2456,"Census Tract 3907, Cook County, IL","14000US17031390700"
2017,"2017",7,"Two Or More",58158,36261,"Census Tract 1605.01, Cook County, IL","14000US17031160501"
2017,"2017",7,"Two Or More",56042,54543.99999999999,"Census Tract 8399, Cook County, IL","14000US17031839900"
2017,"2017",7,"Two Or More",58194,48828,"Census Tract 1604, Cook County, IL","14000US17031160400"
2017,"2017",7,"Two Or More",60455,25020,"Census Tract 1402, Cook County, IL","14000US17031140200"
2017,"2017",7,"Two Or More",117083,21426,"Census Tract 505, Cook County, IL","14000US17031050500"
2017,"2017",7,"Two Or More",116023,56765.00000000001,"Census Tract 8323, Cook County, IL","14000US17031832300"
2017,"2017",7,"Two Or More",37974,33991,"Census Tract 1603, Cook County, IL","14000US17031160300"
2017,"2017",7,"Two Or More",24643,20120,"Census Tract 3906, Cook County, IL","14000US17031390600"
2017,"2017",7,"Two Or More",64091,20098,"Census Tract 1601, Cook County, IL","14000US17031160100"
2017,"2017",7,"Two Or More",141750,126052,"Census Tract 512, Cook County, IL","14000US17031051200"
2017,"2017",7,"Two Or More",75139,31026,"Census Tract 6611, Cook County, IL","14000US17031661100"
2017,"2017",7,"Two Or More",66004,3372.9999999999995,"Census Tract 1404, Cook County, IL","14000US17031140400"
2017,"2017",7,"Two Or More",54000,45380,"Census Tract 3903, Cook County, IL","14000US17031390300"
2017,"2017",7,"Two Or More",67885,34040,"Census Tract 1510.01, Cook County, IL","14000US17031151001"
2017,"2017",7,"Two Or More",2499,,"Census Tract 3901, Cook County, IL","14000US17031390100"
2017,"2017",7,"Two Or More",74091,43829,"Census Tract 1508, Cook County, IL","14000US17031150800"
2017,"2017",7,"Two Or More",66058,37737,"Census Tract 1505.01, Cook County, IL","14000US17031150501"
2017,"2017",7,"Two Or More",41042,12826,"Census Tract 514, Cook County, IL","14000US17031051400"
2017,"2017",7,"Two Or More",42202,35067,"Census Tract 307.03, Cook County, IL","14000US17031030703"
2017,"2017",7,"Two Or More",77108,3018,"Census Tract 1503, Cook County, IL","14000US17031150300"
2017,"2017",7,"Two Or More",60250,28451,"Census Tract 104, Cook County, IL","14000US17031010400"
2017,"2017",7,"Two Or More",2499,,"Census Tract 3501, Cook County, IL","14000US17031350100"
2017,"2017",7,"Two Or More",106696,69622,"Census Tract 1407.01, Cook County, IL","14000US17031140701"
2017,"2017",7,"Two Or More",55250,21672,"Census Tract 8322, Cook County, IL","14000US17031832200"
2017,"2017",7,"Two Or More",87908,54578,"Census Tract 1408, Cook County, IL","14000US17031140800"
2016,"2016",7,"Two Or More",85500,62032.99999999999,"Census Tract 509, Cook County, IL","14000US17031050900"
2016,"2016",7,"Two Or More",86250,42824,"Census Tract 8436, Cook County, IL","14000US17031843600"
2016,"2016",7,"Two Or More",87064,26149,"Census Tract 1408, Cook County, IL","14000US17031140800"
2016,"2016",7,"Two Or More",103365,79205,"Census Tract 1407.01, Cook County, IL","14000US17031140701"
2016,"2016",7,"Two Or More",47188,18254,"Census Tract 8432, Cook County, IL","14000US17031843200"
2016,"2016",7,"Two Or More",98984,52708,"Census Tract 1405, Cook County, IL","14000US17031140500"
2016,"2016",7,"Two Or More",10365,6724,"Census Tract 101, Cook County, IL","14000US17031010100"
2016,"2016",7,"Two Or More",74375,60111,"Census Tract 1508, Cook County, IL","14000US17031150800"
2016,"2016",7,"Two Or More",176625,52797,"Census Tract 8422, Cook County, IL","14000US17031842200"
2016,"2016",7,"Two Or More",177841,136028,"Census Tract 8419, Cook County, IL","14000US17031841900"
2016,"2016",7,"Two Or More",62794,22433,"Census Tract 1601, Cook County, IL","14000US17031160100"
2016,"2016",7,"Two Or More",24813,24630,"Census Tract 1403.02, Cook County, IL","14000US17031140302"
2016,"2016",7,"Two Or More",44167,39468,"Census Tract 104, Cook County, IL","14000US17031010400"
2016,"2016",7,"Two Or More",38750,32235.000000000004,"Census Tract 1604, Cook County, IL","14000US17031160400"
2016,"2016",7,"Two Or More",51806,17687,"Census Tract 1402, Cook County, IL","14000US17031140200"
2016,"2016",7,"Two Or More",36161,33215,"Census Tract 105.01, Cook County, IL","14000US17031010501"
2016,"2016",7,"Two Or More",23026,21035,"Census Tract 105.03, Cook County, IL","14000US17031010503"
2016,"2016",7,"Two Or More",58194,34589,"Census Tract 1605.01, Cook County, IL","14000US17031160501"
2016,"2016",7,"Two Or More",46964,41277,"Census Tract 8392, Cook County, IL","14000US17031839200"
2016,"2016",7,"Two Or More",109853,85852,"Census Tract 1605.02, Cook County, IL","14000US17031160502"
2016,"2016",7,"Two Or More",204292,92350,"Census Tract 8391, Cook County, IL","14000US17031839100"
2016,"2016",7,"Two Or More",68594,15988.999999999998,"Census Tract 201, Cook County, IL","14000US17031020100"
2016,"2016",7,"Two Or More",250001,,"Census Tract 8326, Cook County, IL","14000US17031832600"
2016,"2016",7,"Two Or More",96202,38171,"Census Tract 1609, Cook County, IL","14000US17031160900"
2016,"2016",7,"Two Or More",95333,61236,"Census Tract 1302, Cook County, IL","14000US17031130200"
2016,"2016",7,"Two Or More",81429,60818,"Census Tract 1610, Cook County, IL","14000US17031161000"
2016,"2016",7,"Two Or More",49375,23712,"Census Tract 8322, Cook County, IL","14000US17031832200"
2016,"2016",7,"Two Or More",14058,873,"Census Tract 208.02, Cook County, IL","14000US17031020802"
2016,"2016",7,"Two Or More",198333,159623,"Census Tract 8318, Cook County, IL","14000US17031831800"
2016,"2016",7,"Two Or More",90500,45331,"Census Tract 1105.01, Cook County, IL","14000US17031110501"
2016,"2016",7,"Two Or More",71625,30013.000000000004,"Census Tract 8314, Cook County, IL","14000US17031831400"
2016,"2016",7,"Two Or More",68250,15462,"Census Tract 1612, Cook County, IL","14000US17031161200"
2016,"2016",7,"Two Or More",63409,30814,"Census Tract 8311, Cook County, IL","14000US17031831100"
2016,"2016",7,"Two Or More",60972,48456,"Census Tract 1613, Cook County, IL","14000US17031161300"
2016,"2016",7,"Two Or More",187692,169030,"Census Tract 8309, Cook County, IL","14000US17031830900"
2016,"2016",7,"Two Or More",82829,34720,"Census Tract 7708, Cook County, IL","14000US17031770800"
2016,"2016",7,"Two Or More",106406,57469,"Census Tract 1904.02, Cook County, IL","14000US17031190402"
2016,"2016",7,"Two Or More",73194,20708,"Census Tract 304, Cook County, IL","14000US17031030400"
2016,"2016",7,"Two Or More",52841,35991,"Census Tract 7307, Cook County, IL","14000US17031730700"
2016,"2016",7,"Two Or More",90714,16068.000000000002,"Census Tract 1907.01, Cook County, IL","14000US17031190701"
2016,"2016",7,"Two Or More",136250,115497,"Census Tract 7303, Cook County, IL","14000US17031730300"
2016,"2016",7,"Two Or More",88036,75487,"Census Tract 1910, Cook County, IL","14000US17031191000"
2016,"2016",7,"Two Or More",96389,95036,"Census Tract 7201, Cook County, IL","14000US17031720100"
2016,"2016",7,"Two Or More",55938,12785,"Census Tract 1911, Cook County, IL","14000US17031191100"
2016,"2016",7,"Two Or More",71250,44830,"Census Tract 1913.01, Cook County, IL","14000US17031191301"
2016,"2016",7,"Two Or More",28897,27517,"Census Tract 7105, Cook County, IL","14000US17031710500"
2016,"2016",7,"Two Or More",121667,49475,"Census Tract 2004.01, Cook County, IL","14000US17031200401"
2016,"2016",7,"Two Or More",84844,16020,"Census Tract 7004.01, Cook County, IL","14000US17031700401"
2016,"2016",7,"Two Or More",250001,,"Census Tract 814.01, Cook County, IL","14000US17031081401"
2016,"2016",7,"Two Or More",113304,67654,"Census Tract 2104, Cook County, IL","14000US17031210400"
2016,"2016",7,"Two Or More",33125,26446,"Census Tract 811, Cook County, IL","14000US17031081100"
2016,"2016",7,"Two Or More",71406,23364,"Census Tract 7003.02, Cook County, IL","14000US17031700302"
2016,"2016",7,"Two Or More",40682,21907,"Census Tract 307.03, Cook County, IL","14000US17031030703"
2016,"2016",7,"Two Or More",42440,38976,"Census Tract 2106.02, Cook County, IL","14000US17031210602"
2016,"2016",7,"Two Or More",51458,40428,"Census Tract 6611, Cook County, IL","14000US17031661100"
2016,"2016",7,"Two Or More",80385,10748,"Census Tract 2203, Cook County, IL","14000US17031220300"
2016,"2016",7,"Two Or More",148100,78554,"Census Tract 6610, Cook County, IL","14000US17031661000"
2016,"2016",7,"Two Or More",102054,81839,"Census Tract 2204, Cook County, IL","14000US17031220400"
2016,"2016",7,"Two Or More",93438,66074,"Census Tract 6603.02, Cook County, IL","14000US17031660302"
2016,"2016",7,"Two Or More",11541,1066,"Census Tract 6603.01, Cook County, IL","14000US17031660301"
2016,"2016",7,"Two Or More",53906,41283,"Census Tract 2207.01, Cook County, IL","14000US17031220701"
2016,"2016",7,"Two Or More",62019,56485.00000000001,"Census Tract 713, Cook County, IL","14000US17031071300"
2016,"2016",7,"Two Or More",85625,42487,"Census Tract 6504, Cook County, IL","14000US17031650400"
2016,"2016",7,"Two Or More",126316,80084,"Census Tract 6503.01, Cook County, IL","14000US17031650301"
2016,"2016",7,"Two Or More",20852,2872,"Census Tract 2207.02, Cook County, IL","14000US17031220702"
2016,"2016",7,"Two Or More",86679,36268,"Census Tract 711, Cook County, IL","14000US17031071100"
2016,"2016",7,"Two Or More",91406,62656.00000000001,"Census Tract 6308, Cook County, IL","14000US17031630800"
2016,"2016",7,"Two Or More",43393,16808,"Census Tract 704, Cook County, IL","14000US17031070400"
2016,"2016",7,"Two Or More",46375,20990,"Census Tract 6111, Cook County, IL","14000US17031611100"
2016,"2016",7,"Two Or More",46607,22885,"Census Tract 2213, Cook County, IL","14000US17031221300"
2016,"2016",7,"Two Or More",2499,,"Census Tract 703, Cook County, IL","14000US17031070300"
2016,"2016",7,"Two Or More",16838,10216,"Census Tract 6108, Cook County, IL","14000US17031610800"
2016,"2016",7,"Two Or More",119231,17677,"Census Tract 702, Cook County, IL","14000US17031070200"
2016,"2016",7,"Two Or More",34063,17514,"Census Tract 2228, Cook County, IL","14000US17031222800"
2016,"2016",7,"Two Or More",26250,6747,"Census Tract 6103, Cook County, IL","14000US17031610300"
2016,"2016",7,"Two Or More",18750,1953.0000000000002,"Census Tract 6004, Cook County, IL","14000US17031600400"
2016,"2016",7,"Two Or More",38152,21507,"Census Tract 2306, Cook County, IL","14000US17031230600"
2016,"2016",7,"Two Or More",116250,984.0000000000001,"Census Tract 2402, Cook County, IL","14000US17031240200"
2016,"2016",7,"Two Or More",43714,32382,"Census Tract 310, Cook County, IL","14000US17031031000"
2016,"2016",7,"Two Or More",27045,23020,"Census Tract 5906, Cook County, IL","14000US17031590600"
2016,"2016",7,"Two Or More",86339,53193,"Census Tract 2405, Cook County, IL","14000US17031240500"
2016,"2016",7,"Two Or More",23500,21899,"Census Tract 5905, Cook County, IL","14000US17031590500"
2016,"2016",7,"Two Or More",26477,20617,"Census Tract 2406, Cook County, IL","14000US17031240600"
2016,"2016",7,"Two Or More",51250,21597,"Census Tract 2407, Cook County, IL","14000US17031240700"
2016,"2016",7,"Two Or More",56875,18815,"Census Tract 2408, Cook County, IL","14000US17031240800"
2016,"2016",7,"Two Or More",102171,69680,"Census Tract 629, Cook County, IL","14000US17031062900"
2016,"2016",7,"Two Or More",53864,15507,"Census Tract 311, Cook County, IL","14000US17031031100"
2016,"2016",7,"Two Or More",62500,5785,"Census Tract 2409, Cook County, IL","14000US17031240900"
2016,"2016",7,"Two Or More",40714,15629.000000000002,"Census Tract 5805.01, Cook County, IL","14000US17031580501"
2016,"2016",7,"Two Or More",72232,34605,"Census Tract 313, Cook County, IL","14000US17031031300"
2016,"2016",7,"Two Or More",27431,22045,"Census Tract 2411, Cook County, IL","14000US17031241100"
2016,"2016",7,"Two Or More",69453,15315.000000000002,"Census Tract 626, Cook County, IL","14000US17031062600"
2016,"2016",7,"Two Or More",73306,24246,"Census Tract 5609, Cook County, IL","14000US17031560900"
2016,"2016",7,"Two Or More",61914,37630,"Census Tract 5608, Cook County, IL","14000US17031560800"
2016,"2016",7,"Two Or More",38611,26231,"Census Tract 5203, Cook County, IL","14000US17031520300"
2016,"2016",7,"Two Or More",63315,31927.999999999996,"Census Tract 2415, Cook County, IL","14000US17031241500"
2016,"2016",7,"Two Or More",38750,31738.999999999996,"Census Tract 5103, Cook County, IL","14000US17031510300"
2016,"2016",7,"Two Or More",32458,18850,"Census Tract 2420, Cook County, IL","14000US17031242000"
2016,"2016",7,"Two Or More",64375,52801,"Census Tract 621, Cook County, IL","14000US17031062100"
2016,"2016",7,"Two Or More",173200,154765,"Census Tract 2421, Cook County, IL","14000US17031242100"
2016,"2016",7,"Two Or More",132969,79237,"Census Tract 4903, Cook County, IL","14000US17031490300"
2016,"2016",7,"Two Or More",28370,22041,"Census Tract 4314, Cook County, IL","14000US17031431400"
2016,"2016",7,"Two Or More",29474,10472,"Census Tract 4313.02, Cook County, IL","14000US17031431302"
2016,"2016",7,"Two Or More",121292,66493,"Census Tract 2425, Cook County, IL","14000US17031242500"
2016,"2016",7,"Two Or More",68021,65307,"Census Tract 620, Cook County, IL","14000US17031062000"
2016,"2016",7,"Two Or More",49844,6757,"Census Tract 2427, Cook County, IL","14000US17031242700"
2016,"2016",7,"Two Or More",72414,49083,"Census Tract 4312, Cook County, IL","14000US17031431200"
2016,"2016",7,"Two Or More",67000,33634,"Census Tract 2429, Cook County, IL","14000US17031242900"
2016,"2016",7,"Two Or More",25703,16050,"Census Tract 4204, Cook County, IL","14000US17031420400"
2016,"2016",7,"Two Or More",31420,5495,"Census Tract 618, Cook County, IL","14000US17031061800"
2016,"2016",7,"Two Or More",141528,51377,"Census Tract 2801, Cook County, IL","14000US17031280100"
2016,"2016",7,"Two Or More",55625,52529,"Census Tract 4111, Cook County, IL","14000US17031411100"
2016,"2016",7,"Two Or More",76125,19237,"Census Tract 501, Cook County, IL","14000US17031050100"
2016,"2016",7,"Two Or More",93625,41558,"Census Tract 2827, Cook County, IL","14000US17031282700"
2016,"2016",7,"Two Or More",85833,35612,"Census Tract 4109, Cook County, IL","14000US17031410900"
2016,"2016",7,"Two Or More",49643,23377,"Census Tract 2831, Cook County, IL","14000US17031283100"
2016,"2016",7,"Two Or More",94023,34139,"Census Tract 609, Cook County, IL","14000US17031060900"
2016,"2016",7,"Two Or More",74125,36280,"Census Tract 3018.01, Cook County, IL","14000US17031301801"
2016,"2016",7,"Two Or More",113828,74725,"Census Tract 505, Cook County, IL","14000US17031050500"
2016,"2016",7,"Two Or More",63125,62741.99999999999,"Census Tract 3906, Cook County, IL","14000US17031390600"
2016,"2016",7,"Two Or More",33056,26832,"Census Tract 3018.02, Cook County, IL","14000US17031301802"
2016,"2016",7,"Two Or More",7609,1785,"Census Tract 3802, Cook County, IL","14000US17031380200"
2016,"2016",7,"Two Or More",49250,40904,"Census Tract 605, Cook County, IL","14000US17031060500"
2016,"2016",7,"Two Or More",65846,37630,"Census Tract 3301, Cook County, IL","14000US17031330100"
2016,"2016",7,"Two Or More",13750,6742,"Census Tract 3511, Cook County, IL","14000US17031351100"
2016,"2016",7,"Two Or More",51509,24944,"Census Tract 604, Cook County, IL","14000US17031060400"
2016,"2016",7,"Two Or More",2499,,"Census Tract 3501, Cook County, IL","14000US17031350100"
2015,"2015",7,"Two Or More",54750,43635,"Census Tract 2207.01, Cook County, IL","14000US17031220701"
2015,"2015",7,"Two Or More",51393,22013,"Census Tract 604, Cook County, IL","14000US17031060400"
2015,"2015",7,"Two Or More",66458,55550,"Census Tract 605, Cook County, IL","14000US17031060500"
2015,"2015",7,"Two Or More",7202,1952,"Census Tract 3802, Cook County, IL","14000US17031380200"
2015,"2015",7,"Two Or More",95625,88017,"Census Tract 608, Cook County, IL","14000US17031060800"
2015,"2015",7,"Two Or More",64167,18805,"Census Tract 3906, Cook County, IL","14000US17031390600"
2015,"2015",7,"Two Or More",33500,22130,"Census Tract 3018.02, Cook County, IL","14000US17031301802"
2015,"2015",7,"Two Or More",86750,39416,"Census Tract 1408, Cook County, IL","14000US17031140800"
2015,"2015",7,"Two Or More",90814,59907.99999999999,"Census Tract 609, Cook County, IL","14000US17031060900"
2015,"2015",7,"Two Or More",111641,57764,"Census Tract 505, Cook County, IL","14000US17031050500"
2015,"2015",7,"Two Or More",41136,38585,"Census Tract 4101, Cook County, IL","14000US17031410100"
2015,"2015",7,"Two Or More",73281,58602,"Census Tract 4109, Cook County, IL","14000US17031410900"
2015,"2015",7,"Two Or More",2499,,"Census Tract 2828, Cook County, IL","14000US17031282800"
2015,"2015",7,"Two Or More",56875,56686.99999999999,"Census Tract 2827, Cook County, IL","14000US17031282700"
2015,"2015",7,"Two Or More",46042,43385,"Census Tract 4110, Cook County, IL","14000US17031411000"
2015,"2015",7,"Two Or More",38214,19334,"Census Tract 4111, Cook County, IL","14000US17031411100"
2015,"2015",7,"Two Or More",31845,10931,"Census Tract 618, Cook County, IL","14000US17031061800"
2015,"2015",7,"Two Or More",76164,20490,"Census Tract 501, Cook County, IL","14000US17031050100"
2015,"2015",7,"Two Or More",38333,10091,"Census Tract 409, Cook County, IL","14000US17031040900"
2015,"2015",7,"Two Or More",23611,14152,"Census Tract 4204, Cook County, IL","14000US17031420400"
2015,"2015",7,"Two Or More",26094,23705,"Census Tract 619.01, Cook County, IL","14000US17031061901"
2015,"2015",7,"Two Or More",114318,107006,"Census Tract 403, Cook County, IL","14000US17031040300"
2015,"2015",7,"Two Or More",35568,16446,"Census Tract 4208, Cook County, IL","14000US17031420800"
2015,"2015",7,"Two Or More",63254,44525,"Census Tract 4301.01, Cook County, IL","14000US17031430101"
2015,"2015",7,"Two Or More",75139,40326,"Census Tract 2429, Cook County, IL","14000US17031242900"
2015,"2015",7,"Two Or More",118684,82710,"Census Tract 2425, Cook County, IL","14000US17031242500"
2015,"2015",7,"Two Or More",19300,9370,"Census Tract 4314, Cook County, IL","14000US17031431400"
2015,"2015",7,"Two Or More",63056,60712,"Census Tract 621, Cook County, IL","14000US17031062100"
2015,"2015",7,"Two Or More",21512,18131,"Census Tract 4603.02, Cook County, IL","14000US17031460302"
2015,"2015",7,"Two Or More",101250,56902,"Census Tract 4903, Cook County, IL","14000US17031490300"
2015,"2015",7,"Two Or More",100799,11773,"Census Tract 2423, Cook County, IL","14000US17031242300"
2015,"2015",7,"Two Or More",30347,18343,"Census Tract 5101, Cook County, IL","14000US17031510100"
2015,"2015",7,"Two Or More",2499,,"Census Tract 5103, Cook County, IL","14000US17031510300"
2015,"2015",7,"Two Or More",40093,21299,"Census Tract 2420, Cook County, IL","14000US17031242000"
2015,"2015",7,"Two Or More",60250,6208,"Census Tract 2415, Cook County, IL","14000US17031241500"
2015,"2015",7,"Two Or More",108774,50080,"Census Tract 314, Cook County, IL","14000US17031031400"
2015,"2015",7,"Two Or More",60625,48305,"Census Tract 5303, Cook County, IL","14000US17031530300"
2015,"2015",7,"Two Or More",110550,34266,"Census Tract 5607, Cook County, IL","14000US17031560700"
2015,"2015",7,"Two Or More",90268,62619.99999999999,"Census Tract 5608, Cook County, IL","14000US17031560800"
2015,"2015",7,"Two Or More",133654,113288,"Census Tract 2414, Cook County, IL","14000US17031241400"
2015,"2015",7,"Two Or More",70491,29454.000000000004,"Census Tract 5609, Cook County, IL","14000US17031560900"
2015,"2015",7,"Two Or More",69643,14445,"Census Tract 626, Cook County, IL","14000US17031062600"
2015,"2015",7,"Two Or More",26205,6166,"Census Tract 5610, Cook County, IL","14000US17031561000"
2015,"2015",7,"Two Or More",17391,16423,"Census Tract 2411, Cook County, IL","14000US17031241100"
2015,"2015",7,"Two Or More",58500,29873.000000000004,"Census Tract 5701, Cook County, IL","14000US17031570100"
2015,"2015",7,"Two Or More",44833,24640,"Census Tract 5703, Cook County, IL","14000US17031570300"
2015,"2015",7,"Two Or More",71094,25881,"Census Tract 313, Cook County, IL","14000US17031031300"
2015,"2015",7,"Two Or More",101375,49606,"Census Tract 629, Cook County, IL","14000US17031062900"
2015,"2015",7,"Two Or More",63359,5176,"Census Tract 2409, Cook County, IL","14000US17031240900"
2015,"2015",7,"Two Or More",47384,12127,"Census Tract 311, Cook County, IL","14000US17031031100"
2015,"2015",7,"Two Or More",26522,20605,"Census Tract 2406, Cook County, IL","14000US17031240600"
2015,"2015",7,"Two Or More",17969,15639.999999999998,"Census Tract 5906, Cook County, IL","14000US17031590600"
2015,"2015",7,"Two Or More",83616,3531.0000000000005,"Census Tract 2405, Cook County, IL","14000US17031240500"
2015,"2015",7,"Two Or More",70868,14008,"Census Tract 630, Cook County, IL","14000US17031063000"
2015,"2015",7,"Two Or More",18810,14533.999999999998,"Census Tract 6004, Cook County, IL","14000US17031600400"
2015,"2015",7,"Two Or More",37000,25627,"Census Tract 2306, Cook County, IL","14000US17031230600"
2015,"2015",7,"Two Or More",26346,20101,"Census Tract 6103, Cook County, IL","14000US17031610300"
2015,"2015",7,"Two Or More",119250,36381,"Census Tract 702, Cook County, IL","14000US17031070200"
2015,"2015",7,"Two Or More",43453,11049,"Census Tract 310, Cook County, IL","14000US17031031000"
2015,"2015",7,"Two Or More",33594,33347,"Census Tract 2215, Cook County, IL","14000US17031221500"
2015,"2015",7,"Two Or More",46250,19879,"Census Tract 6111, Cook County, IL","14000US17031611100"
2015,"2015",7,"Two Or More",46071,38891,"Census Tract 2213, Cook County, IL","14000US17031221300"
2015,"2015",7,"Two Or More",48109,23927,"Census Tract 308, Cook County, IL","14000US17031030800"
2015,"2015",7,"Two Or More",90357,77040,"Census Tract 6308, Cook County, IL","14000US17031630800"
2015,"2015",7,"Two Or More",83790,22004,"Census Tract 711, Cook County, IL","14000US17031071100"
2015,"2015",7,"Two Or More",85116,70856,"Census Tract 6403, Cook County, IL","14000US17031640300"
2015,"2015",7,"Two Or More",123810,69086,"Census Tract 6503.01, Cook County, IL","14000US17031650301"
2015,"2015",7,"Two Or More",19792,6015,"Census Tract 2207.02, Cook County, IL","14000US17031220702"
2015,"2015",7,"Two Or More",113158,43804,"Census Tract 713, Cook County, IL","14000US17031071300"
2015,"2015",7,"Two Or More",75795,51639,"Census Tract 6505, Cook County, IL","14000US17031650500"
2015,"2015",7,"Two Or More",11300,1635,"Census Tract 6603.01, Cook County, IL","14000US17031660301"
2015,"2015",7,"Two Or More",58875,26538,"Census Tract 3302, Cook County, IL","14000US17031330200"
2015,"2015",7,"Two Or More",62361,40331,"Census Tract 6603.02, Cook County, IL","14000US17031660302"
2015,"2015",7,"Two Or More",155579,126920,"Census Tract 2206.02, Cook County, IL","14000US17031220602"
2015,"2015",7,"Two Or More",73889,38155,"Census Tract 6606, Cook County, IL","14000US17031660600"
2015,"2015",7,"Two Or More",18750,16687,"Census Tract 6609, Cook County, IL","14000US17031660900"
2015,"2015",7,"Two Or More",33463,4791,"Census Tract 307.06, Cook County, IL","14000US17031030706"
2015,"2015",7,"Two Or More",68611,43619,"Census Tract 715, Cook County, IL","14000US17031071500"
2015,"2015",7,"Two Or More",81023,5308,"Census Tract 2203, Cook County, IL","14000US17031220300"
2015,"2015",7,"Two Or More",68295,39147,"Census Tract 2106.02, Cook County, IL","14000US17031210602"
2015,"2015",7,"Two Or More",16463,846.0000000000001,"Census Tract 7002, Cook County, IL","14000US17031700200"
2015,"2015",7,"Two Or More",30536,25796,"Census Tract 811, Cook County, IL","14000US17031081100"
2015,"2015",7,"Two Or More",31111,12028,"Census Tract 2004.02, Cook County, IL","14000US17031200402"
2015,"2015",7,"Two Or More",13547,473.00000000000006,"Census Tract 307.01, Cook County, IL","14000US17031030701"
2015,"2015",7,"Two Or More",19677,16202.000000000002,"Census Tract 7105, Cook County, IL","14000US17031710500"
2015,"2015",7,"Two Or More",14519,4198,"Census Tract 2003, Cook County, IL","14000US17031200300"
2015,"2015",7,"Two Or More",79333,24381,"Census Tract 7201, Cook County, IL","14000US17031720100"
2015,"2015",7,"Two Or More",54076,50787,"Census Tract 1911, Cook County, IL","14000US17031191100"
2015,"2015",7,"Two Or More",70625,54593.00000000001,"Census Tract 7207, Cook County, IL","14000US17031720700"
2015,"2015",7,"Two Or More",133500,103736,"Census Tract 7303, Cook County, IL","14000US17031730300"
2015,"2015",7,"Two Or More",54000,47097,"Census Tract 1910, Cook County, IL","14000US17031191000"
2015,"2015",7,"Two Or More",53594,17840,"Census Tract 7307, Cook County, IL","14000US17031730700"
2015,"2015",7,"Two Or More",90441,29251,"Census Tract 1907.01, Cook County, IL","14000US17031190701"
2015,"2015",7,"Two Or More",17344,7390,"Census Tract 306.01, Cook County, IL","14000US17031030601"
2015,"2015",7,"Two Or More",31143,5202,"Census Tract 7501, Cook County, IL","14000US17031750100"
2015,"2015",7,"Two Or More",77969,49241,"Census Tract 7608.01, Cook County, IL","14000US17031760801"
2015,"2015",7,"Two Or More",68700,67769,"Census Tract 816, Cook County, IL","14000US17031081600"
2015,"2015",7,"Two Or More",71250,33173,"Census Tract 304, Cook County, IL","14000US17031030400"
2015,"2015",7,"Two Or More",67330,36361,"Census Tract 7708, Cook County, IL","14000US17031770800"
2015,"2015",7,"Two Or More",103611,67920,"Census Tract 1904.02, Cook County, IL","14000US17031190402"
2015,"2015",7,"Two Or More",69091,25552,"Census Tract 8305, Cook County, IL","14000US17031830500"
2015,"2015",7,"Two Or More",26042,949,"Census Tract 8307, Cook County, IL","14000US17031830700"
2015,"2015",7,"Two Or More",40625,32212,"Census Tract 8308, Cook County, IL","14000US17031830800"
2015,"2015",7,"Two Or More",151250,136473,"Census Tract 8309, Cook County, IL","14000US17031830900"
2015,"2015",7,"Two Or More",116635,51862,"Census Tract 1705, Cook County, IL","14000US17031170500"
2015,"2015",7,"Two Or More",48672,20793,"Census Tract 8311, Cook County, IL","14000US17031831100"
2015,"2015",7,"Two Or More",82344,35892,"Census Tract 1613, Cook County, IL","14000US17031161300"
2015,"2015",7,"Two Or More",91161,31934,"Census Tract 1105.01, Cook County, IL","14000US17031110501"
2015,"2015",7,"Two Or More",20048,2250,"Census Tract 301.02, Cook County, IL","14000US17031030102"
2015,"2015",7,"Two Or More",57063,45227,"Census Tract 1611, Cook County, IL","14000US17031161100"
2015,"2015",7,"Two Or More",21806,18928,"Census Tract 1105.02, Cook County, IL","14000US17031110502"
2015,"2015",7,"Two Or More",48409,19651,"Census Tract 208.01, Cook County, IL","14000US17031020801"
2015,"2015",7,"Two Or More",38500,36826,"Census Tract 8322, Cook County, IL","14000US17031832200"
2015,"2015",7,"Two Or More",43750,25109,"Census Tract 1302, Cook County, IL","14000US17031130200"
2015,"2015",7,"Two Or More",16034,4196,"Census Tract 206.02, Cook County, IL","14000US17031020602"
2015,"2015",7,"Two Or More",250001,,"Census Tract 8326, Cook County, IL","14000US17031832600"
2015,"2015",7,"Two Or More",48713,989.9999999999999,"Census Tract 1608, Cook County, IL","14000US17031160800"
2015,"2015",7,"Two Or More",44464,36744,"Census Tract 1606.02, Cook County, IL","14000US17031160602"
2015,"2015",7,"Two Or More",73824,39384,"Census Tract 8331, Cook County, IL","14000US17031833100"
2015,"2015",7,"Two Or More",68571,57150,"Census Tract 201, Cook County, IL","14000US17031020100"
2015,"2015",7,"Two Or More",9250,5963,"Census Tract 8347, Cook County, IL","14000US17031834700"
2015,"2015",7,"Two Or More",56900,36014,"Census Tract 8351, Cook County, IL","14000US17031835100"
2015,"2015",7,"Two Or More",55294,2608,"Census Tract 107.01, Cook County, IL","14000US17031010701"
2015,"2015",7,"Two Or More",48750,24022,"Census Tract 8360, Cook County, IL","14000US17031836000"
2015,"2015",7,"Two Or More",250001,,"Census Tract 8391, Cook County, IL","14000US17031839100"
2015,"2015",7,"Two Or More",8333,2114,"Census Tract 1303, Cook County, IL","14000US17031130300"
2015,"2015",7,"Two Or More",155083,111038,"Census Tract 1605.02, Cook County, IL","14000US17031160502"
2015,"2015",7,"Two Or More",55500,52130,"Census Tract 1605.01, Cook County, IL","14000US17031160501"
2015,"2015",7,"Two Or More",58864,10099,"Census Tract 1402, Cook County, IL","14000US17031140200"
2015,"2015",7,"Two Or More",36750,19295,"Census Tract 8410, Cook County, IL","14000US17031841000"
2015,"2015",7,"Two Or More",56550,31292,"Census Tract 105.01, Cook County, IL","14000US17031010501"
2015,"2015",7,"Two Or More",23676,18477,"Census Tract 8411, Cook County, IL","14000US17031841100"
2015,"2015",7,"Two Or More",38625,27646,"Census Tract 1604, Cook County, IL","14000US17031160400"
2015,"2015",7,"Two Or More",48188,8956,"Census Tract 1601, Cook County, IL","14000US17031160100"
2015,"2015",7,"Two Or More",174750,72512,"Census Tract 8422, Cook County, IL","14000US17031842200"
2015,"2015",7,"Two Or More",98015,17092,"Census Tract 1405, Cook County, IL","14000US17031140500"
2015,"2015",7,"Two Or More",43750,35574,"Census Tract 104, Cook County, IL","14000US17031010400"
2015,"2015",7,"Two Or More",83750,47228,"Census Tract 8423, Cook County, IL","14000US17031842300"
2015,"2015",7,"Two Or More",71103,9357,"Census Tract 1508, Cook County, IL","14000US17031150800"
2015,"2015",7,"Two Or More",77287,73969,"Census Tract 1503, Cook County, IL","14000US17031150300"
2015,"2015",7,"Two Or More",10956,7144.000000000001,"Census Tract 101, Cook County, IL","14000US17031010100"
2014,"2014",7,"Two Or More",31406,54505.99999999999,"Census Tract 4105, Cook County, IL","14000US17031410500"
2014,"2014",7,"Two Or More",14509,216826.00000000003,"Census Tract 321, Cook County, IL","14000US17031032100"
2014,"2014",7,"Two Or More",18523,72331,"Census Tract 4403, Cook County, IL","14000US17031440300"
2014,"2014",7,"Two Or More",40000,119321,"Census Tract 2203, Cook County, IL","14000US17031220300"
2014,"2014",7,"Two Or More",98750,48542,"Census Tract 4903, Cook County, IL","14000US17031490300"
2014,"2014",7,"Two Or More",70125,99234,"Census Tract 1904.02, Cook County, IL","14000US17031190402"
2014,"2014",7,"Two Or More",60250,6827,"Census Tract 2415, Cook County, IL","14000US17031241500"
2014,"2014",7,"Two Or More",56429,56886.99999999999,"Census Tract 317, Cook County, IL","14000US17031031700"
2014,"2014",7,"Two Or More",18605,26485,"Census Tract 315.02, Cook County, IL","14000US17031031502"
2014,"2014",7,"Two Or More",30515,15646,"Census Tract 5101, Cook County, IL","14000US17031510100"
2014,"2014",7,"Two Or More",47786,30511.999999999996,"Census Tract 1608, Cook County, IL","14000US17031160800"
2014,"2014",7,"Two Or More",2499,,"Census Tract 5103, Cook County, IL","14000US17031510300"
2014,"2014",7,"Two Or More",77708,70781,"Census Tract 1604, Cook County, IL","14000US17031160400"
2014,"2014",7,"Two Or More",90375,88452,"Census Tract 2416, Cook County, IL","14000US17031241600"
2014,"2014",7,"Two Or More",24722,60845,"Census Tract 5203, Cook County, IL","14000US17031520300"
2014,"2014",7,"Two Or More",72292,77032,"Census Tract 626, Cook County, IL","14000US17031062600"
2014,"2014",7,"Two Or More",40100,26105,"Census Tract 2420, Cook County, IL","14000US17031242000"
2014,"2014",7,"Two Or More",23929,48296,"Census Tract 5204, Cook County, IL","14000US17031520400"
2014,"2014",7,"Two Or More",61389,52323,"Census Tract 5303, Cook County, IL","14000US17031530300"
2014,"2014",7,"Two Or More",51771,150059,"Census Tract 714, Cook County, IL","14000US17031071400"
2014,"2014",7,"Two Or More",56750,39449,"Census Tract 5603, Cook County, IL","14000US17031560300"
2014,"2014",7,"Two Or More",105134,146495,"Census Tract 314, Cook County, IL","14000US17031031400"
2014,"2014",7,"Two Or More",110469,34992,"Census Tract 5607, Cook County, IL","14000US17031560700"
2014,"2014",7,"Two Or More",47917,55721.99999999999,"Census Tract 1407.02, Cook County, IL","14000US17031140702"
2014,"2014",7,"Two Or More",125667,38088,"Census Tract 5608, Cook County, IL","14000US17031560800"
2014,"2014",7,"Two Or More",86964,15499,"Census Tract 1907.01, Cook County, IL","14000US17031190701"
2014,"2014",7,"Two Or More",8125,1934,"Census Tract 1303, Cook County, IL","14000US17031130300"
2014,"2014",7,"Two Or More",63846,15746,"Census Tract 5609, Cook County, IL","14000US17031560900"
2014,"2014",7,"Two Or More",242969,154147,"Census Tract 1406.01, Cook County, IL","14000US17031140601"
2014,"2014",7,"Two Or More",9600,113146,"Census Tract 1908, Cook County, IL","14000US17031190800"
2014,"2014",7,"Two Or More",26250,33949,"Census Tract 5610, Cook County, IL","14000US17031561000"
2014,"2014",7,"Two Or More",36806,51327,"Census Tract 621, Cook County, IL","14000US17031062100"
2014,"2014",7,"Two Or More",118696,66871,"Census Tract 2425, Cook County, IL","14000US17031242500"
2014,"2014",7,"Two Or More",58500,30779.000000000004,"Census Tract 5701, Cook County, IL","14000US17031570100"
2014,"2014",7,"Two Or More",87386,42713,"Census Tract 1405, Cook County, IL","14000US17031140500"
2014,"2014",7,"Two Or More",43482,43360,"Census Tract 5703, Cook County, IL","14000US17031570300"
2014,"2014",7,"Two Or More",24063,92683,"Census Tract 1510.01, Cook County, IL","14000US17031151001"
2014,"2014",7,"Two Or More",54224,44749,"Census Tract 1911, Cook County, IL","14000US17031191100"
2014,"2014",7,"Two Or More",54125,29684.000000000004,"Census Tract 313, Cook County, IL","14000US17031031300"
2014,"2014",7,"Two Or More",55952,93888,"Census Tract 619.02, Cook County, IL","14000US17031061902"
2014,"2014",7,"Two Or More",37404,181290,"Census Tract 2426, Cook County, IL","14000US17031242600"
2014,"2014",7,"Two Or More",48750,69621,"Census Tract 2427, Cook County, IL","14000US17031242700"
2014,"2014",7,"Two Or More",55536,76719,"Census Tract 1404, Cook County, IL","14000US17031140400"
2014,"2014",7,"Two Or More",76339,15564.000000000002,"Census Tract 2429, Cook County, IL","14000US17031242900"
2014,"2014",7,"Two Or More",21597,40240,"Census Tract 1511, Cook County, IL","14000US17031151100"
2014,"2014",7,"Two Or More",51364,256800,"Census Tract 311, Cook County, IL","14000US17031031100"
2014,"2014",7,"Two Or More",82850,42098,"Census Tract 711, Cook County, IL","14000US17031071100"
2014,"2014",7,"Two Or More",17727,7396.000000000001,"Census Tract 6004, Cook County, IL","14000US17031600400"
2014,"2014",7,"Two Or More",68906,123582.00000000001,"Census Tract 2210, Cook County, IL","14000US17031221000"
2014,"2014",7,"Two Or More",17313,26088,"Census Tract 2211, Cook County, IL","14000US17031221100"
2014,"2014",7,"Two Or More",41375,43850,"Census Tract 6103, Cook County, IL","14000US17031610300"
2014,"2014",7,"Two Or More",125833,149964,"Census Tract 2432, Cook County, IL","14000US17031243200"
2014,"2014",7,"Two Or More",63611,25494,"Census Tract 2435, Cook County, IL","14000US17031243500"
2014,"2014",7,"Two Or More",58672,71622,"Census Tract 710, Cook County, IL","14000US17031071000"
2014,"2014",7,"Two Or More",68870,48561,"Census Tract 816, Cook County, IL","14000US17031081600"
2014,"2014",7,"Two Or More",5500,44169,"Census Tract 6111, Cook County, IL","14000US17031611100"
2014,"2014",7,"Two Or More",58500,44060,"Census Tract 618, Cook County, IL","14000US17031061800"
2014,"2014",7,"Two Or More",132981,118785.00000000001,"Census Tract 2819, Cook County, IL","14000US17031281900"
2014,"2014",7,"Two Or More",43159,28635,"Census Tract 310, Cook County, IL","14000US17031031000"
2014,"2014",7,"Two Or More",27778,35599,"Census Tract 6118, Cook County, IL","14000US17031611800"
2014,"2014",7,"Two Or More",65833,24827,"Census Tract 309, Cook County, IL","14000US17031030900"
2014,"2014",7,"Two Or More",56563,61530,"Census Tract 2827, Cook County, IL","14000US17031282700"
2014,"2014",7,"Two Or More",91406,42286,"Census Tract 6308, Cook County, IL","14000US17031630800"
2014,"2014",7,"Two Or More",57813,23029,"Census Tract 1402, Cook County, IL","14000US17031140200"
2014,"2014",7,"Two Or More",59038,211878,"Census Tract 815, Cook County, IL","14000US17031081500"
2014,"2014",7,"Two Or More",19239,84376,"Census Tract 814.03, Cook County, IL","14000US17031081403"
2014,"2014",7,"Two Or More",56875,72917,"Census Tract 6501, Cook County, IL","14000US17031650100"
2014,"2014",7,"Two Or More",123158,108358.99999999999,"Census Tract 6503.01, Cook County, IL","14000US17031650301"
2014,"2014",7,"Two Or More",48929,84382,"Census Tract 703, Cook County, IL","14000US17031070300"
2014,"2014",7,"Two Or More",42614,27882,"Census Tract 610, Cook County, IL","14000US17031061000"
2014,"2014",7,"Two Or More",33594,36558,"Census Tract 2215, Cook County, IL","14000US17031221500"
2014,"2014",7,"Two Or More",47534,16108.999999999998,"Census Tract 308, Cook County, IL","14000US17031030800"
2014,"2014",7,"Two Or More",76591,32093,"Census Tract 6505, Cook County, IL","14000US17031650500"
2014,"2014",7,"Two Or More",95250,163063,"Census Tract 2832, Cook County, IL","14000US17031283200"
2014,"2014",7,"Two Or More",11000,2599,"Census Tract 6603.01, Cook County, IL","14000US17031660301"
2014,"2014",7,"Two Or More",21964,53699,"Census Tract 2838, Cook County, IL","14000US17031283800"
2014,"2014",7,"Two Or More",18333,85081,"Census Tract 2003, Cook County, IL","14000US17031200300"
2014,"2014",7,"Two Or More",70156,66118,"Census Tract 6603.02, Cook County, IL","14000US17031660302"
2014,"2014",7,"Two Or More",78813,66739,"Census Tract 2216, Cook County, IL","14000US17031221600"
2014,"2014",7,"Two Or More",91442,46137,"Census Tract 609, Cook County, IL","14000US17031060900"
2014,"2014",7,"Two Or More",73977,59082,"Census Tract 6606, Cook County, IL","14000US17031660600"
2014,"2014",7,"Two Or More",19167,86361,"Census Tract 3018.02, Cook County, IL","14000US17031301802"
2014,"2014",7,"Two Or More",28056,4014,"Census Tract 1407.01, Cook County, IL","14000US17031140701"
2014,"2014",7,"Two Or More",57639,53648,"Census Tract 1508, Cook County, IL","14000US17031150800"
2014,"2014",7,"Two Or More",17000,113515.99999999999,"Census Tract 3103, Cook County, IL","14000US17031310300"
2014,"2014",7,"Two Or More",33603,8786,"Census Tract 307.06, Cook County, IL","14000US17031030706"
2014,"2014",7,"Two Or More",140625,82009,"Census Tract 6611, Cook County, IL","14000US17031661100"
2014,"2014",7,"Two Or More",70313,84994,"Census Tract 3104, Cook County, IL","14000US17031310400"
2014,"2014",7,"Two Or More",31283,10545,"Census Tract 2004.02, Cook County, IL","14000US17031200402"
2014,"2014",7,"Two Or More",5938,44682,"Census Tract 6712, Cook County, IL","14000US17031671200"
2014,"2014",7,"Two Or More",16458,615,"Census Tract 7002, Cook County, IL","14000US17031700200"
2014,"2014",7,"Two Or More",37750,42856,"Census Tract 3106, Cook County, IL","14000US17031310600"
2014,"2014",7,"Two Or More",121042,75369,"Census Tract 702, Cook County, IL","14000US17031070200"
2014,"2014",7,"Two Or More",26509,28226,"Census Tract 307.03, Cook County, IL","14000US17031030703"
2014,"2014",7,"Two Or More",81875,42839,"Census Tract 7004.01, Cook County, IL","14000US17031700401"
2014,"2014",7,"Two Or More",49112,54972.99999999999,"Census Tract 3301, Cook County, IL","14000US17031330100"
2014,"2014",7,"Two Or More",24833,136052,"Census Tract 2302, Cook County, IL","14000US17031230200"
2014,"2014",7,"Two Or More",13485,605,"Census Tract 307.01, Cook County, IL","14000US17031030701"
2014,"2014",7,"Two Or More",21389,28403,"Census Tract 701.02, Cook County, IL","14000US17031070102"
2014,"2014",7,"Two Or More",183382,146585,"Census Tract 701.01, Cook County, IL","14000US17031070101"
2014,"2014",7,"Two Or More",96094,25114,"Census Tract 7201, Cook County, IL","14000US17031720100"
2014,"2014",7,"Two Or More",44632,28955.000000000004,"Census Tract 3302, Cook County, IL","14000US17031330200"
2014,"2014",7,"Two Or More",51544,19458,"Census Tract 2306, Cook County, IL","14000US17031230600"
2014,"2014",7,"Two Or More",20694,64452.00000000001,"Census Tract 306.03, Cook County, IL","14000US17031030603"
2014,"2014",7,"Two Or More",70893,46779,"Census Tract 7207, Cook County, IL","14000US17031720700"
2014,"2014",7,"Two Or More",72228,30737,"Census Tract 1102, Cook County, IL","14000US17031110200"
2014,"2014",7,"Two Or More",117813,191004,"Census Tract 7301, Cook County, IL","14000US17031730100"
2014,"2014",7,"Two Or More",2499,,"Census Tract 3403, Cook County, IL","14000US17031340300"
2014,"2014",7,"Two Or More",50917,19932,"Census Tract 3501, Cook County, IL","14000US17031350100"
2014,"2014",7,"Two Or More",46618,187906,"Census Tract 814.02, Cook County, IL","14000US17031081402"
2014,"2014",7,"Two Or More",77917,124577,"Census Tract 604, Cook County, IL","14000US17031060400"
2014,"2014",7,"Two Or More",10875,87852,"Census Tract 101, Cook County, IL","14000US17031010100"
2014,"2014",7,"Two Or More",18304,22141,"Census Tract 306.01, Cook County, IL","14000US17031030601"
2014,"2014",7,"Two Or More",16806,25533,"Census Tract 7501, Cook County, IL","14000US17031750100"
2014,"2014",7,"Two Or More",7800,1668,"Census Tract 3802, Cook County, IL","14000US17031380200"
2014,"2014",7,"Two Or More",13681,34255,"Census Tract 7505, Cook County, IL","14000US17031750500"
2014,"2014",7,"Two Or More",17381,24138,"Census Tract 7506, Cook County, IL","14000US17031750600"
2014,"2014",7,"Two Or More",78313,8505,"Census Tract 7608.01, Cook County, IL","14000US17031760801"
2014,"2014",7,"Two Or More",66250,42407,"Census Tract 633.01, Cook County, IL","14000US17031063301"
2014,"2014",7,"Two Or More",6882,71279,"Census Tract 632, Cook County, IL","14000US17031063200"
2014,"2014",7,"Two Or More",102526,139836,"Census Tract 7608.03, Cook County, IL","14000US17031760803"
2014,"2014",7,"Two Or More",38800,145998,"Census Tract 514, Cook County, IL","14000US17031051400"
2014,"2014",7,"Two Or More",83208,22774,"Census Tract 7708, Cook County, IL","14000US17031770800"
2014,"2014",7,"Two Or More",63906,192789,"Census Tract 3903, Cook County, IL","14000US17031390300"
2014,"2014",7,"Two Or More",34815,138141,"Census Tract 513, Cook County, IL","14000US17031051300"
2014,"2014",7,"Two Or More",68438,24679,"Census Tract 8305, Cook County, IL","14000US17031830500"
2014,"2014",7,"Two Or More",64271,22112,"Census Tract 3906, Cook County, IL","14000US17031390600"
2014,"2014",7,"Two Or More",59688,23301,"Census Tract 304, Cook County, IL","14000US17031030400"
2014,"2014",7,"Two Or More",26548,40429,"Census Tract 8306, Cook County, IL","14000US17031830600"
2014,"2014",7,"Two Or More",16875,170574,"Census Tract 303, Cook County, IL","14000US17031030300"
2014,"2014",7,"Two Or More",9974,26307,"Census Tract 8307, Cook County, IL","14000US17031830700"
2014,"2014",7,"Two Or More",65500,69411,"Census Tract 2101, Cook County, IL","14000US17031210100"
2014,"2014",7,"Two Or More",40795,47194,"Census Tract 8308, Cook County, IL","14000US17031830800"
2014,"2014",7,"Two Or More",86458,138888,"Census Tract 2403, Cook County, IL","14000US17031240300"
2014,"2014",7,"Two Or More",250001,,"Census Tract 8309, Cook County, IL","14000US17031830900"
2014,"2014",7,"Two Or More",91389,104745,"Census Tract 631, Cook County, IL","14000US17031063100"
2014,"2014",7,"Two Or More",84107,103406,"Census Tract 1613, Cook County, IL","14000US17031161300"
2014,"2014",7,"Two Or More",50541,57750.00000000001,"Census Tract 301.04, Cook County, IL","14000US17031030104"
2014,"2014",7,"Two Or More",48750,32561,"Census Tract 8311, Cook County, IL","14000US17031831100"
2014,"2014",7,"Two Or More",40122,46034,"Census Tract 3907, Cook County, IL","14000US17031390700"
2014,"2014",7,"Two Or More",83382,42959,"Census Tract 2405, Cook County, IL","14000US17031240500"
2014,"2014",7,"Two Or More",110357,105647,"Census Tract 505, Cook County, IL","14000US17031050500"
2014,"2014",7,"Two Or More",40550,47762,"Census Tract 4101, Cook County, IL","14000US17031410100"
2014,"2014",7,"Two Or More",163796,5910,"Census Tract 8315, Cook County, IL","14000US17031831500"
2014,"2014",7,"Two Or More",33438,46107,"Census Tract 8316, Cook County, IL","14000US17031831600"
2014,"2014",7,"Two Or More",53750,93325,"Census Tract 2104, Cook County, IL","14000US17031210400"
2014,"2014",7,"Two Or More",111250,293164,"Census Tract 8319, Cook County, IL","14000US17031831900"
2014,"2014",7,"Two Or More",49531,113616,"Census Tract 4102, Cook County, IL","14000US17031410200"
2014,"2014",7,"Two Or More",21042,91473,"Census Tract 8321, Cook County, IL","14000US17031832100"
2014,"2014",7,"Two Or More",86280,49332,"Census Tract 1408, Cook County, IL","14000US17031140800"
2014,"2014",7,"Two Or More",39611,26115,"Census Tract 208.01, Cook County, IL","14000US17031020801"
2014,"2014",7,"Two Or More",21477,40152,"Census Tract 8322, Cook County, IL","14000US17031832200"
2014,"2014",7,"Two Or More",33864,39699,"Census Tract 4106, Cook County, IL","14000US17031410600"
2014,"2014",7,"Two Or More",12361,43875,"Census Tract 4108, Cook County, IL","14000US17031410800"
2014,"2014",7,"Two Or More",72500,68957,"Census Tract 4109, Cook County, IL","14000US17031410900"
2014,"2014",7,"Two Or More",15147,15900,"Census Tract 206.02, Cook County, IL","14000US17031020602"
2014,"2014",7,"Two Or More",10089,10872,"Census Tract 205, Cook County, IL","14000US17031020500"
2014,"2014",7,"Two Or More",250001,,"Census Tract 8326, Cook County, IL","14000US17031832600"
2014,"2014",7,"Two Or More",77400,83148,"Census Tract 1503, Cook County, IL","14000US17031150300"
2014,"2014",7,"Two Or More",65179,46111,"Census Tract 1606.02, Cook County, IL","14000US17031160602"
2014,"2014",7,"Two Or More",53194,30980.999999999996,"Census Tract 1403.02, Cook County, IL","14000US17031140302"
2014,"2014",7,"Two Or More",73958,41123,"Census Tract 8331, Cook County, IL","14000US17031833100"
2014,"2014",7,"Two Or More",41094,82192,"Census Tract 4110, Cook County, IL","14000US17031411000"
2014,"2014",7,"Two Or More",107083,370934,"Census Tract 2407, Cook County, IL","14000US17031240700"
2014,"2014",7,"Two Or More",93065,49592,"Census Tract 8344, Cook County, IL","14000US17031834400"
2014,"2014",7,"Two Or More",9276,4789,"Census Tract 8347, Cook County, IL","14000US17031834700"
2014,"2014",7,"Two Or More",69485,9326,"Census Tract 2105.01, Cook County, IL","14000US17031210501"
2014,"2014",7,"Two Or More",72357,90663,"Census Tract 630, Cook County, IL","14000US17031063000"
2014,"2014",7,"Two Or More",31029,15976,"Census Tract 811, Cook County, IL","14000US17031081100"
2014,"2014",7,"Two Or More",57768,63215,"Census Tract 8360, Cook County, IL","14000US17031836000"
2014,"2014",7,"Two Or More",35450,42393,"Census Tract 2105.02, Cook County, IL","14000US17031210502"
2014,"2014",7,"Two Or More",54844,3320,"Census Tract 107.01, Cook County, IL","14000US17031010701"
2014,"2014",7,"Two Or More",17031,72418,"Census Tract 8381, Cook County, IL","14000US17031838100"
2014,"2014",7,"Two Or More",107667,129460.00000000001,"Census Tract 8390, Cook County, IL","14000US17031839000"
2014,"2014",7,"Two Or More",250001,,"Census Tract 8391, Cook County, IL","14000US17031839100"
2014,"2014",7,"Two Or More",63333,7014.999999999999,"Census Tract 2409, Cook County, IL","14000US17031240900"
2014,"2014",7,"Two Or More",60750,64010,"Census Tract 2106.01, Cook County, IL","14000US17031210601"
2014,"2014",7,"Two Or More",46000,33333,"Census Tract 408, Cook County, IL","14000US17031040800"
2014,"2014",7,"Two Or More",16736,54660.00000000001,"Census Tract 106, Cook County, IL","14000US17031010600"
2014,"2014",7,"Two Or More",39375,75076,"Census Tract 8397, Cook County, IL","14000US17031839700"
2014,"2014",7,"Two Or More",4890,75755,"Census Tract 2106.02, Cook County, IL","14000US17031210602"
2014,"2014",7,"Two Or More",94375,72966,"Census Tract 8399, Cook County, IL","14000US17031839900"
2014,"2014",7,"Two Or More",12303,68485,"Census Tract 105.03, Cook County, IL","14000US17031010503"
2014,"2014",7,"Two Or More",36979,125785,"Census Tract 4208, Cook County, IL","14000US17031420800"
2014,"2014",7,"Two Or More",50385,23812,"Census Tract 8410, Cook County, IL","14000US17031841000"
2014,"2014",7,"Two Or More",52778,79547,"Census Tract 1902, Cook County, IL","14000US17031190200"
2014,"2014",7,"Two Or More",63085,42586,"Census Tract 4301.01, Cook County, IL","14000US17031430101"
2014,"2014",7,"Two Or More",23667,21094,"Census Tract 8411, Cook County, IL","14000US17031841100"
2014,"2014",7,"Two Or More",17118,15617,"Census Tract 2411, Cook County, IL","14000US17031241100"
2014,"2014",7,"Two Or More",56509,17038,"Census Tract 105.01, Cook County, IL","14000US17031010501"
2014,"2014",7,"Two Or More",48600,15479,"Census Tract 8413, Cook County, IL","14000US17031841300"
2014,"2014",7,"Two Or More",6696,68198,"Census Tract 4304, Cook County, IL","14000US17031430400"
2014,"2014",7,"Two Or More",108594,39147,"Census Tract 8419, Cook County, IL","14000US17031841900"
2014,"2014",7,"Two Or More",81154,69706,"Census Tract 4306, Cook County, IL","14000US17031430600"
2014,"2014",7,"Two Or More",177969,117939,"Census Tract 8422, Cook County, IL","14000US17031842200"
2014,"2014",7,"Two Or More",112833,38746,"Census Tract 403, Cook County, IL","14000US17031040300"
2014,"2014",7,"Two Or More",53958,77593,"Census Tract 402.02, Cook County, IL","14000US17031040202"
2014,"2014",7,"Two Or More",47414,143639,"Census Tract 818, Cook County, IL","14000US17031081800"
2014,"2014",7,"Two Or More",26375,27832,"Census Tract 104, Cook County, IL","14000US17031010400"
2014,"2014",7,"Two Or More",100000,51095,"Census Tract 8423, Cook County, IL","14000US17031842300"
2014,"2014",7,"Two Or More",32500,27866,"Census Tract 4313.02, Cook County, IL","14000US17031431302"
2014,"2014",7,"Two Or More",13365,19883,"Census Tract 8426, Cook County, IL","14000US17031842600"
2014,"2014",7,"Two Or More",41875,51217,"Census Tract 8428, Cook County, IL","14000US17031842800"
2014,"2014",7,"Two Or More",6341,6112,"Census Tract 810, Cook County, IL","14000US17031081000"
2014,"2014",7,"Two Or More",18625,27314,"Census Tract 4314, Cook County, IL","14000US17031431400"
2014,"2014",7,"Two Or More",95000,41968,"Census Tract 629, Cook County, IL","14000US17031062900"
2014,"2014",7,"Two Or More",26250,192617,"Census Tract 2107, Cook County, IL","14000US17031210700"
2014,"2014",7,"Two Or More",77404,185822,"Census Tract 8437, Cook County, IL","14000US17031843700"
2013,"2013",7,"Two Or More",47714,30996,"Census Tract 1608, Cook County, IL","14000US17031160800"
2013,"2013",7,"Two Or More",69961,92069,"Census Tract 630, Cook County, IL","14000US17031063000"
2013,"2013",7,"Two Or More",63231,51578,"Census Tract 4301.01, Cook County, IL","14000US17031430101"
2013,"2013",7,"Two Or More",85577,85188,"Census Tract 2211, Cook County, IL","14000US17031221100"
2013,"2013",7,"Two Or More",63056,10760,"Census Tract 2409, Cook County, IL","14000US17031240900"
2013,"2013",7,"Two Or More",6369,44204,"Census Tract 4304, Cook County, IL","14000US17031430400"
2013,"2013",7,"Two Or More",9524,138576,"Census Tract 1908, Cook County, IL","14000US17031190800"
2013,"2013",7,"Two Or More",33777,7737.999999999999,"Census Tract 307.06, Cook County, IL","14000US17031030706"
2013,"2013",7,"Two Or More",138125,77640,"Census Tract 6611, Cook County, IL","14000US17031661100"
2013,"2013",7,"Two Or More",78646,52884,"Census Tract 4306, Cook County, IL","14000US17031430600"
2013,"2013",7,"Two Or More",93250,147740,"Census Tract 2832, Cook County, IL","14000US17031283200"
2013,"2013",7,"Two Or More",63958,48376,"Census Tract 711, Cook County, IL","14000US17031071100"
2013,"2013",7,"Two Or More",6000,24713,"Census Tract 6712, Cook County, IL","14000US17031671200"
2013,"2013",7,"Two Or More",18750,53700,"Census Tract 2838, Cook County, IL","14000US17031283800"
2013,"2013",7,"Two Or More",18224,1373,"Census Tract 7002, Cook County, IL","14000US17031700200"
2013,"2013",7,"Two Or More",15583,28797.999999999996,"Census Tract 4307, Cook County, IL","14000US17031430700"
2013,"2013",7,"Two Or More",81964,111985,"Census Tract 1613, Cook County, IL","14000US17031161300"
2013,"2013",7,"Two Or More",54940,91091,"Census Tract 402.02, Cook County, IL","14000US17031040202"
2013,"2013",7,"Two Or More",35679,25883,"Census Tract 402.01, Cook County, IL","14000US17031040201"
2013,"2013",7,"Two Or More",108750,224882.00000000003,"Census Tract 401, Cook County, IL","14000US17031040100"
2013,"2013",7,"Two Or More",35329,52568,"Census Tract 4313.02, Cook County, IL","14000US17031431302"
2013,"2013",7,"Two Or More",57875,81553,"Census Tract 3008, Cook County, IL","14000US17031300800"
2013,"2013",7,"Two Or More",56098,32483,"Census Tract 710, Cook County, IL","14000US17031071000"
2013,"2013",7,"Two Or More",13438,8320,"Census Tract 307.01, Cook County, IL","14000US17031030701"
2013,"2013",7,"Two Or More",17019,106549,"Census Tract 2411, Cook County, IL","14000US17031241100"
2013,"2013",7,"Two Or More",75147,65304,"Census Tract 2105.01, Cook County, IL","14000US17031210501"
2013,"2013",7,"Two Or More",79773,29139,"Census Tract 7201, Cook County, IL","14000US17031720100"
2013,"2013",7,"Two Or More",27750,7553.000000000001,"Census Tract 1407.01, Cook County, IL","14000US17031140701"
2013,"2013",7,"Two Or More",76202,14602.000000000002,"Census Tract 1503, Cook County, IL","14000US17031150300"
2013,"2013",7,"Two Or More",14018,163812,"Census Tract 321, Cook County, IL","14000US17031032100"
2013,"2013",7,"Two Or More",9444,154400,"Census Tract 306.04, Cook County, IL","14000US17031030604"
2013,"2013",7,"Two Or More",28500,1547,"Census Tract 4402.02, Cook County, IL","14000US17031440202"
2013,"2013",7,"Two Or More",155893,165803,"Census Tract 7203, Cook County, IL","14000US17031720300"
2013,"2013",7,"Two Or More",17721,50581,"Census Tract 4403, Cook County, IL","14000US17031440300"
2013,"2013",7,"Two Or More",33929,40645,"Census Tract 2105.02, Cook County, IL","14000US17031210502"
2013,"2013",7,"Two Or More",115938,108037,"Census Tract 7301, Cook County, IL","14000US17031730100"
2013,"2013",7,"Two Or More",90391,95638,"Census Tract 609, Cook County, IL","14000US17031060900"
2013,"2013",7,"Two Or More",108068,22048,"Census Tract 4903, Cook County, IL","14000US17031490300"
2013,"2013",7,"Two Or More",16750,98902,"Census Tract 3103, Cook County, IL","14000US17031310300"
2013,"2013",7,"Two Or More",19531,169354,"Census Tract 306.03, Cook County, IL","14000US17031030603"
2013,"2013",7,"Two Or More",52330,83241,"Census Tract 1911, Cook County, IL","14000US17031191100"
2013,"2013",7,"Two Or More",71250,94861,"Census Tract 3104, Cook County, IL","14000US17031310400"
2013,"2013",7,"Two Or More",46111,57277,"Census Tract 2215, Cook County, IL","14000US17031221500"
2013,"2013",7,"Two Or More",117143,222226,"Census Tract 1406.01, Cook County, IL","14000US17031140601"
2013,"2013",7,"Two Or More",30577,15448,"Census Tract 5101, Cook County, IL","14000US17031510100"
2013,"2013",7,"Two Or More",32009,38560,"Census Tract 3106, Cook County, IL","14000US17031310600"
2013,"2013",7,"Two Or More",29674,43700,"Census Tract 2415, Cook County, IL","14000US17031241500"
2013,"2013",7,"Two Or More",26094,13402,"Census Tract 7506, Cook County, IL","14000US17031750600"
2013,"2013",7,"Two Or More",2499,,"Census Tract 5103, Cook County, IL","14000US17031510300"
2013,"2013",7,"Two Or More",4152,74610,"Census Tract 2106.02, Cook County, IL","14000US17031210602"
2013,"2013",7,"Two Or More",2499,,"Census Tract 3201, Cook County, IL","14000US17031320100"
2013,"2013",7,"Two Or More",16895,41924,"Census Tract 306.01, Cook County, IL","14000US17031030601"
2013,"2013",7,"Two Or More",62544,75764,"Census Tract 3301, Cook County, IL","14000US17031330100"
2013,"2013",7,"Two Or More",100585,80814,"Census Tract 7608.03, Cook County, IL","14000US17031760803"
2013,"2013",7,"Two Or More",55694,52799,"Census Tract 5203, Cook County, IL","14000US17031520300"
2013,"2013",7,"Two Or More",69674,29909,"Census Tract 1102, Cook County, IL","14000US17031110200"
2013,"2013",7,"Two Or More",26875,55648,"Census Tract 703, Cook County, IL","14000US17031070300"
2013,"2013",7,"Two Or More",18043,26692,"Census Tract 315.02, Cook County, IL","14000US17031031502"
2013,"2013",7,"Two Or More",90417,93998,"Census Tract 2416, Cook County, IL","14000US17031241600"
2013,"2013",7,"Two Or More",90500,103170,"Census Tract 1001, Cook County, IL","14000US17031100100"
2013,"2013",7,"Two Or More",61625,35469,"Census Tract 5303, Cook County, IL","14000US17031530300"
2013,"2013",7,"Two Or More",44231,38507,"Census Tract 3302, Cook County, IL","14000US17031330200"
2013,"2013",7,"Two Or More",27135,62988,"Census Tract 8306, Cook County, IL","14000US17031830600"
2013,"2013",7,"Two Or More",10855,24506,"Census Tract 101, Cook County, IL","14000US17031010100"
2013,"2013",7,"Two Or More",49766,25660,"Census Tract 304, Cook County, IL","14000US17031030400"
2013,"2013",7,"Two Or More",55481,52563,"Census Tract 5603, Cook County, IL","14000US17031560300"
2013,"2013",7,"Two Or More",24722,54491.00000000001,"Census Tract 8307, Cook County, IL","14000US17031830700"
2013,"2013",7,"Two Or More",68750,115664.00000000001,"Census Tract 626, Cook County, IL","14000US17031062600"
2013,"2013",7,"Two Or More",40357,18106,"Census Tract 2420, Cook County, IL","14000US17031242000"
2013,"2013",7,"Two Or More",65625,61167,"Census Tract 8308, Cook County, IL","14000US17031830800"
2013,"2013",7,"Two Or More",87333,47097,"Census Tract 5607, Cook County, IL","14000US17031560700"
2013,"2013",7,"Two Or More",2499,,"Census Tract 3403, Cook County, IL","14000US17031340300"
2013,"2013",7,"Two Or More",75288,69983,"Census Tract 816, Cook County, IL","14000US17031081600"
2013,"2013",7,"Two Or More",122866,67360,"Census Tract 5608, Cook County, IL","14000US17031560800"
2013,"2013",7,"Two Or More",50625,27615,"Census Tract 3501, Cook County, IL","14000US17031350100"
2013,"2013",7,"Two Or More",6371,12208,"Census Tract 810, Cook County, IL","14000US17031081000"
2013,"2013",7,"Two Or More",47583,39921,"Census Tract 8311, Cook County, IL","14000US17031831100"
2013,"2013",7,"Two Or More",121042,89021,"Census Tract 702, Cook County, IL","14000US17031070200"
2013,"2013",7,"Two Or More",70644,10526,"Census Tract 5609, Cook County, IL","14000US17031560900"
2013,"2013",7,"Two Or More",25972,114969.99999999999,"Census Tract 2107, Cook County, IL","14000US17031210700"
2013,"2013",7,"Two Or More",50250,58351.99999999999,"Census Tract 301.04, Cook County, IL","14000US17031030104"
2013,"2013",7,"Two Or More",37750,28779,"Census Tract 8312, Cook County, IL","14000US17031831200"
2013,"2013",7,"Two Or More",77917,134178,"Census Tract 604, Cook County, IL","14000US17031060400"
2013,"2013",7,"Two Or More",52656,90570,"Census Tract 1902, Cook County, IL","14000US17031190200"
2013,"2013",7,"Two Or More",21815,39148,"Census Tract 301.02, Cook County, IL","14000US17031030102"
2013,"2013",7,"Two Or More",49904,137723,"Census Tract 314, Cook County, IL","14000US17031031400"
2013,"2013",7,"Two Or More",33235,12684,"Census Tract 8316, Cook County, IL","14000US17031831600"
2013,"2013",7,"Two Or More",8355,5108,"Census Tract 3802, Cook County, IL","14000US17031380200"
2013,"2013",7,"Two Or More",53438,4771,"Census Tract 8318, Cook County, IL","14000US17031831800"
2013,"2013",7,"Two Or More",55417,102638,"Census Tract 2423, Cook County, IL","14000US17031242300"
2013,"2013",7,"Two Or More",29750,158657,"Census Tract 209.01, Cook County, IL","14000US17031020901"
2013,"2013",7,"Two Or More",109250,349795,"Census Tract 2203, Cook County, IL","14000US17031220300"
2013,"2013",7,"Two Or More",58750,29304.000000000004,"Census Tract 5701, Cook County, IL","14000US17031570100"
2013,"2013",7,"Two Or More",88214,154896,"Census Tract 8321, Cook County, IL","14000US17031832100"
2013,"2013",7,"Two Or More",53393,49028,"Census Tract 2306, Cook County, IL","14000US17031230600"
2013,"2013",7,"Two Or More",38558,27282.999999999996,"Census Tract 1510.01, Cook County, IL","14000US17031151001"
2013,"2013",7,"Two Or More",105781,119661.00000000001,"Census Tract 621, Cook County, IL","14000US17031062100"
2013,"2013",7,"Two Or More",14871,104980,"Census Tract 8322, Cook County, IL","14000US17031832200"
2013,"2013",7,"Two Or More",52039,21394,"Census Tract 1402, Cook County, IL","14000US17031140200"
2013,"2013",7,"Two Or More",83750,28789,"Census Tract 3906, Cook County, IL","14000US17031390600"
2013,"2013",7,"Two Or More",19722,24773,"Census Tract 2003, Cook County, IL","14000US17031200300"
2013,"2013",7,"Two Or More",39848,23866,"Census Tract 208.01, Cook County, IL","14000US17031020801"
2013,"2013",7,"Two Or More",180910,122865.99999999999,"Census Tract 701.01, Cook County, IL","14000US17031070101"
2013,"2013",7,"Two Or More",52917,50821,"Census Tract 313, Cook County, IL","14000US17031031300"
2013,"2013",7,"Two Or More",4489,12915,"Census Tract 312, Cook County, IL","14000US17031031200"
2013,"2013",7,"Two Or More",100139,144709,"Census Tract 818, Cook County, IL","14000US17031081800"
2013,"2013",7,"Two Or More",71250,83986,"Census Tract 1904.02, Cook County, IL","14000US17031190402"
2013,"2013",7,"Two Or More",111023,94101,"Census Tract 2426, Cook County, IL","14000US17031242600"
2013,"2013",7,"Two Or More",7888,2801,"Census Tract 205, Cook County, IL","14000US17031020500"
2013,"2013",7,"Two Or More",38313,84473,"Census Tract 3907, Cook County, IL","14000US17031390700"
2013,"2013",7,"Two Or More",187868,122364.00000000001,"Census Tract 8329, Cook County, IL","14000US17031832900"
2013,"2013",7,"Two Or More",117500,48535,"Census Tract 8331, Cook County, IL","14000US17031833100"
2013,"2013",7,"Two Or More",52361,48190,"Census Tract 633.01, Cook County, IL","14000US17031063301"
2013,"2013",7,"Two Or More",53417,47175,"Census Tract 1403.02, Cook County, IL","14000US17031140302"
2013,"2013",7,"Two Or More",42422,15659.000000000002,"Census Tract 2205, Cook County, IL","14000US17031220500"
2013,"2013",7,"Two Or More",26167,7345,"Census Tract 8340, Cook County, IL","14000US17031834000"
2013,"2013",7,"Two Or More",90156,68754,"Census Tract 8344, Cook County, IL","14000US17031834400"
2013,"2013",7,"Two Or More",16667,31554,"Census Tract 6004, Cook County, IL","14000US17031600400"
2013,"2013",7,"Two Or More",15500,14934,"Census Tract 8347, Cook County, IL","14000US17031834700"
2013,"2013",7,"Two Or More",11971,47667,"Census Tract 4101, Cook County, IL","14000US17031410100"
2013,"2013",7,"Two Or More",54861,176007,"Census Tract 619.02, Cook County, IL","14000US17031061902"
2013,"2013",7,"Two Or More",76176,25021,"Census Tract 2429, Cook County, IL","14000US17031242900"
2013,"2013",7,"Two Or More",17438,23627,"Census Tract 6103, Cook County, IL","14000US17031610300"
2013,"2013",7,"Two Or More",58173,141186,"Census Tract 8360, Cook County, IL","14000US17031836000"
2013,"2013",7,"Two Or More",15750,120508,"Census Tract 4102, Cook County, IL","14000US17031410200"
2013,"2013",7,"Two Or More",6920,67359,"Census Tract 632, Cook County, IL","14000US17031063200"
2013,"2013",7,"Two Or More",31818,70133,"Census Tract 4105, Cook County, IL","14000US17031410500"
2013,"2013",7,"Two Or More",52750,106306,"Census Tract 8381, Cook County, IL","14000US17031838100"
2013,"2013",7,"Two Or More",19192,73453,"Census Tract 814.03, Cook County, IL","14000US17031081403"
2013,"2013",7,"Two Or More",85776,5501,"Census Tract 8390, Cook County, IL","14000US17031839000"
2013,"2013",7,"Two Or More",51136,97701,"Census Tract 505, Cook County, IL","14000US17031050500"
2013,"2013",7,"Two Or More",116607,267428,"Census Tract 8391, Cook County, IL","14000US17031839100"
2013,"2013",7,"Two Or More",136500,9672,"Census Tract 714, Cook County, IL","14000US17031071400"
2013,"2013",7,"Two Or More",23906,296034,"Census Tract 503, Cook County, IL","14000US17031050300"
2013,"2013",7,"Two Or More",42727,74327,"Census Tract 4108, Cook County, IL","14000US17031410800"
2013,"2013",7,"Two Or More",31402,46976,"Census Tract 2004.02, Cook County, IL","14000US17031200402"
2013,"2013",7,"Two Or More",27667,38998,"Census Tract 6118, Cook County, IL","14000US17031611800"
2013,"2013",7,"Two Or More",25735,30587,"Census Tract 106, Cook County, IL","14000US17031010600"
2013,"2013",7,"Two Or More",38611,40135,"Census Tract 8397, Cook County, IL","14000US17031839700"
2013,"2013",7,"Two Or More",55000,143159,"Census Tract 1408, Cook County, IL","14000US17031140800"
2013,"2013",7,"Two Or More",83452,41938,"Census Tract 2405, Cook County, IL","14000US17031240500"
2013,"2013",7,"Two Or More",93333,77654,"Census Tract 8399, Cook County, IL","14000US17031839900"
2013,"2013",7,"Two Or More",64688,30305,"Census Tract 309, Cook County, IL","14000US17031030900"
2013,"2013",7,"Two Or More",61667,126950,"Census Tract 2432, Cook County, IL","14000US17031243200"
2013,"2013",7,"Two Or More",11705,62867.00000000001,"Census Tract 105.03, Cook County, IL","14000US17031010503"
2013,"2013",7,"Two Or More",28875,508.99999999999994,"Census Tract 105.02, Cook County, IL","14000US17031010502"
2013,"2013",7,"Two Or More",59659,55867.00000000001,"Census Tract 6308, Cook County, IL","14000US17031630800"
2013,"2013",7,"Two Or More",77639,103799,"Census Tract 1604, Cook County, IL","14000US17031160400"
2013,"2013",7,"Two Or More",103100,82667,"Census Tract 502, Cook County, IL","14000US17031050200"
2013,"2013",7,"Two Or More",31042,43004,"Census Tract 2434, Cook County, IL","14000US17031243400"
2013,"2013",7,"Two Or More",23750,23500,"Census Tract 8411, Cook County, IL","14000US17031841100"
2013,"2013",7,"Two Or More",42344,154345,"Census Tract 4110, Cook County, IL","14000US17031411000"
2013,"2013",7,"Two Or More",78073,44064,"Census Tract 6501, Cook County, IL","14000US17031650100"
2013,"2013",7,"Two Or More",58125,47371,"Census Tract 1508, Cook County, IL","14000US17031150800"
2013,"2013",7,"Two Or More",48490,16007,"Census Tract 8413, Cook County, IL","14000US17031841300"
2013,"2013",7,"Two Or More",55602,20814,"Census Tract 6502, Cook County, IL","14000US17031650200"
2013,"2013",7,"Two Or More",55667,36349,"Census Tract 105.01, Cook County, IL","14000US17031010501"
2013,"2013",7,"Two Or More",53750,39662,"Census Tract 1606.02, Cook County, IL","14000US17031160602"
2013,"2013",7,"Two Or More",158068,101237,"Census Tract 8419, Cook County, IL","14000US17031841900"
2013,"2013",7,"Two Or More",66528,39684,"Census Tract 2101, Cook County, IL","14000US17031210100"
2013,"2013",7,"Two Or More",83375,83333,"Census Tract 1907.01, Cook County, IL","14000US17031190701"
2013,"2013",7,"Two Or More",91000,58189,"Census Tract 8422, Cook County, IL","14000US17031842200"
2013,"2013",7,"Two Or More",37875,37762,"Census Tract 6503.02, Cook County, IL","14000US17031650302"
2013,"2013",7,"Two Or More",130909,106795,"Census Tract 2819, Cook County, IL","14000US17031281900"
2013,"2013",7,"Two Or More",95357,47645,"Census Tract 1405, Cook County, IL","14000US17031140500"
2013,"2013",7,"Two Or More",47368,3709,"Census Tract 308, Cook County, IL","14000US17031030800"
2013,"2013",7,"Two Or More",73864,31527.000000000004,"Census Tract 6505, Cook County, IL","14000US17031650500"
2013,"2013",7,"Two Or More",113646,54130,"Census Tract 8423, Cook County, IL","14000US17031842300"
2013,"2013",7,"Two Or More",58500,73621,"Census Tract 618, Cook County, IL","14000US17031061800"
2013,"2013",7,"Two Or More",56583,41688,"Census Tract 2827, Cook County, IL","14000US17031282700"
2013,"2013",7,"Two Or More",26250,55645,"Census Tract 104, Cook County, IL","14000US17031010400"
2013,"2013",7,"Two Or More",11125,2878,"Census Tract 6603.01, Cook County, IL","14000US17031660301"
2013,"2013",7,"Two Or More",14545,17363,"Census Tract 2104, Cook County, IL","14000US17031210400"
2013,"2013",7,"Two Or More",53125,90878,"Census Tract 4205, Cook County, IL","14000US17031420500"
2013,"2013",7,"Two Or More",28958,33739,"Census Tract 408, Cook County, IL","14000US17031040800"
2013,"2013",7,"Two Or More",70417,22849,"Census Tract 6603.02, Cook County, IL","14000US17031660302"
2013,"2013",7,"Two Or More",50776,2542,"Census Tract 1407.02, Cook County, IL","14000US17031140702"
2013,"2013",7,"Two Or More",36932,109945,"Census Tract 4208, Cook County, IL","14000US17031420800"
2013,"2013",7,"Two Or More",71607,95399,"Census Tract 4109, Cook County, IL","14000US17031410900"